source_url,public_id,resource_type
https://framerusercontent.com/assets/05KsVHGDmqXSBXM4yRZ65P8i0s.woff2,vanillasometh/assets/05KsVHGDmqXSBXM4yRZ65P8i0s,image
https://framerusercontent.com/assets/1K3W8DizY3v4emK8Mb08YHxTbs.woff2,vanillasometh/assets/1K3W8DizY3v4emK8Mb08YHxTbs,image
https://framerusercontent.com/assets/1ZFS7N918ojhhd0nQWdj3jz4w.woff2,vanillasometh/assets/1ZFS7N918ojhhd0nQWdj3jz4w,image
https://framerusercontent.com/assets/2A4Xx7CngadFGlVV4xrO06OBHY.woff2,vanillasometh/assets/2A4Xx7CngadFGlVV4xrO06OBHY,image
https://framerusercontent.com/assets/3ZmXbBKToJifDV9gwcifVd1tEY.woff2,vanillasometh/assets/3ZmXbBKToJifDV9gwcifVd1tEY,image
https://framerusercontent.com/assets/43sJ6MfOPh1LCJt46OvyDuSbA6o.woff2,vanillasometh/assets/43sJ6MfOPh1LCJt46OvyDuSbA6o,image
https://framerusercontent.com/assets/4RAEQdEOrcnDkhHiiCbJOw92Lk.woff2,vanillasometh/assets/4RAEQdEOrcnDkhHiiCbJOw92Lk,image
https://framerusercontent.com/assets/5A3Ce6C9YYmCjpQx9M4inSaKU.woff2,vanillasometh/assets/5A3Ce6C9YYmCjpQx9M4inSaKU,image
https://framerusercontent.com/assets/5HcVoGak8k5agFJSaKa4floXVu0.woff2,vanillasometh/assets/5HcVoGak8k5agFJSaKa4floXVu0,image
https://framerusercontent.com/assets/5mDAOkC5Wpzo7NkuE9oYfqlY2u4.woff2,vanillasometh/assets/5mDAOkC5Wpzo7NkuE9oYfqlY2u4,image
https://framerusercontent.com/assets/5vvr9Vy74if2I6bQbJvbw7SY1pQ.woff2,vanillasometh/assets/5vvr9Vy74if2I6bQbJvbw7SY1pQ,image
https://framerusercontent.com/assets/6ZMhcggRFfEfbf7lncCpaUbA.woff2,vanillasometh/assets/6ZMhcggRFfEfbf7lncCpaUbA,image
https://framerusercontent.com/assets/6mJuEAguuIuMog10gGvH5d3cl8.woff2,vanillasometh/assets/6mJuEAguuIuMog10gGvH5d3cl8,image
https://framerusercontent.com/assets/867QObYax8ANsfX4TGEVU9YiCM.woff2,vanillasometh/assets/867QObYax8ANsfX4TGEVU9YiCM,image
https://framerusercontent.com/assets/8sCN6PGUr4I8q5hC5twAXfcwqV0.woff2,vanillasometh/assets/8sCN6PGUr4I8q5hC5twAXfcwqV0,image
https://framerusercontent.com/assets/A0Wcc7NgXMjUuFdquHDrIZpzZw0.woff2,vanillasometh/assets/A0Wcc7NgXMjUuFdquHDrIZpzZw0,image
https://framerusercontent.com/assets/BkDpl4ghaqvMi1btKFyG2tdbec.woff2,vanillasometh/assets/BkDpl4ghaqvMi1btKFyG2tdbec,image
https://framerusercontent.com/assets/CVfrcDb1myaxy6wASsKtiRWSM.mp4,vanillasometh/video/CVfrcDb1myaxy6wASsKtiRWSM,video
https://framerusercontent.com/assets/CfMzU8w2e7tHgF4T4rATMPuWosA.woff2,vanillasometh/assets/CfMzU8w2e7tHgF4T4rATMPuWosA,image
https://framerusercontent.com/assets/DOfvtmE1UplCq161m6Hj8CSQYg.woff2,vanillasometh/assets/DOfvtmE1UplCq161m6Hj8CSQYg,image
https://framerusercontent.com/assets/DXD0Q7LSl7HEvDzucnyLnGBHM.woff2,vanillasometh/assets/DXD0Q7LSl7HEvDzucnyLnGBHM,image
https://framerusercontent.com/assets/DolVirEGb34pEXEp8t8FQBSK4.woff2,vanillasometh/assets/DolVirEGb34pEXEp8t8FQBSK4,image
https://framerusercontent.com/assets/DpPBYI0sL4fYLgAkX8KXOPVt7c.woff2,vanillasometh/assets/DpPBYI0sL4fYLgAkX8KXOPVt7c,image
https://framerusercontent.com/assets/EOr0mi4hNtlgWNn9if640EZzXCo.woff2,vanillasometh/assets/EOr0mi4hNtlgWNn9if640EZzXCo,image
https://framerusercontent.com/assets/FNfhX3dt4ChuLJq2PwdlxHO7PU.woff2,vanillasometh/assets/FNfhX3dt4ChuLJq2PwdlxHO7PU,image
https://framerusercontent.com/assets/GIryZETIX4IFypco5pYZONKhJIo.woff2,vanillasometh/assets/GIryZETIX4IFypco5pYZONKhJIo,image
https://framerusercontent.com/assets/GrgcKwrN6d3Uz8EwcLHZxwEfC4.woff2,vanillasometh/assets/GrgcKwrN6d3Uz8EwcLHZxwEfC4,image
https://framerusercontent.com/assets/H4TfENUY1rh8R9UaSD6vngjJP3M.woff2,vanillasometh/assets/H4TfENUY1rh8R9UaSD6vngjJP3M,image
https://framerusercontent.com/assets/H89BbHkbHDzlxZzxi8uPzTsp90.woff2,vanillasometh/assets/H89BbHkbHDzlxZzxi8uPzTsp90,image
https://framerusercontent.com/assets/IETjvc5qzUaRoaruDpPSwCUM8.woff2,vanillasometh/assets/IETjvc5qzUaRoaruDpPSwCUM8,image
https://framerusercontent.com/assets/JeYwfuaPfZHQhEG8U5gtPDZ7WQ.woff2,vanillasometh/assets/JeYwfuaPfZHQhEG8U5gtPDZ7WQ,image
https://framerusercontent.com/assets/NeGmSOXrPBfEFIy5YZeHq17LEDA.woff2,vanillasometh/assets/NeGmSOXrPBfEFIy5YZeHq17LEDA,image
https://framerusercontent.com/assets/OYrD2tBIBPvoJXiIHnLoOXnY9M.woff2,vanillasometh/assets/OYrD2tBIBPvoJXiIHnLoOXnY9M,image
https://framerusercontent.com/assets/OfwzDkRnLa2IJTid2U0OrWTwXpw.woff2,vanillasometh/assets/OfwzDkRnLa2IJTid2U0OrWTwXpw,image
https://framerusercontent.com/assets/Oyn2ZbENFdnW7mt2Lzjk1h9Zb9k.woff2,vanillasometh/assets/Oyn2ZbENFdnW7mt2Lzjk1h9Zb9k,image
https://framerusercontent.com/assets/P2Bw01CtL0b9wqygO0sSVogWbo.woff2,vanillasometh/assets/P2Bw01CtL0b9wqygO0sSVogWbo,image
https://framerusercontent.com/assets/Qx95Xyt0Ka3SGhinnbXIGpEIyP4.woff2,vanillasometh/assets/Qx95Xyt0Ka3SGhinnbXIGpEIyP4,image
https://framerusercontent.com/assets/QxmhnWTzLtyjIiZcfaLIJ8EFBXU.woff2,vanillasometh/assets/QxmhnWTzLtyjIiZcfaLIJ8EFBXU,image
https://framerusercontent.com/assets/Sj0PCHQSBjFmEp6NBWg6FNaKc.woff2,vanillasometh/assets/Sj0PCHQSBjFmEp6NBWg6FNaKc,image
https://framerusercontent.com/assets/UjlFhCnUjxhNfep4oYBPqnEssyo.woff2,vanillasometh/assets/UjlFhCnUjxhNfep4oYBPqnEssyo,image
https://framerusercontent.com/assets/VgYFWiwsAC5OYxAycRXXvhze58.woff2,vanillasometh/assets/VgYFWiwsAC5OYxAycRXXvhze58,image
https://framerusercontent.com/assets/WZ367JPwf9bRW6LdTHN8rXgSjw.woff2,vanillasometh/assets/WZ367JPwf9bRW6LdTHN8rXgSjw,image
https://framerusercontent.com/assets/X5hj6qzcHUYv7h1390c8Rhm6550.woff2,vanillasometh/assets/X5hj6qzcHUYv7h1390c8Rhm6550,image
https://framerusercontent.com/assets/Y9k9QrlZAqio88Klkmbd8VoMQc.woff2,vanillasometh/assets/Y9k9QrlZAqio88Klkmbd8VoMQc,image
https://framerusercontent.com/assets/YYB6GZmCWnZq3RWZOghuZIOxQY.woff2,vanillasometh/assets/YYB6GZmCWnZq3RWZOghuZIOxQY,image
https://framerusercontent.com/assets/aUYDUTztS7anQw5JuwCncXeLOBY.woff2,vanillasometh/assets/aUYDUTztS7anQw5JuwCncXeLOBY,image
https://framerusercontent.com/assets/aqiiD4LUKkKzXdjGL5UzHq8bo5w.woff2,vanillasometh/assets/aqiiD4LUKkKzXdjGL5UzHq8bo5w,image
https://framerusercontent.com/assets/b6Y37FthZeALduNqHicBT6FutY.woff2,vanillasometh/assets/b6Y37FthZeALduNqHicBT6FutY,image
https://framerusercontent.com/assets/cRJyLNuTJR5jbyKzGi33wU9cqIQ.woff2,vanillasometh/assets/cRJyLNuTJR5jbyKzGi33wU9cqIQ,image
https://framerusercontent.com/assets/cdAe8hgZ1cMyLu9g005pAW3xMo.woff2,vanillasometh/assets/cdAe8hgZ1cMyLu9g005pAW3xMo,image
https://framerusercontent.com/assets/cugnVhSraaRyANCaUtI5FV17wk.woff2,vanillasometh/assets/cugnVhSraaRyANCaUtI5FV17wk,image
https://framerusercontent.com/assets/efTfQcBJ53kM2pB1hezSZ3RDUFs.woff2,vanillasometh/assets/efTfQcBJ53kM2pB1hezSZ3RDUFs,image
https://framerusercontent.com/assets/gQhNpS3tN86g8RcVKYUUaKt2oMQ.woff2,vanillasometh/assets/gQhNpS3tN86g8RcVKYUUaKt2oMQ,image
https://framerusercontent.com/assets/gcnfba68tfm7qAyrWRCf9r34jg.woff2,vanillasometh/assets/gcnfba68tfm7qAyrWRCf9r34jg,image
https://framerusercontent.com/assets/hyOgCu0Xnghbimh0pE8QTvtt2AU.woff2,vanillasometh/assets/hyOgCu0Xnghbimh0pE8QTvtt2AU,image
https://framerusercontent.com/assets/ia3uin3hQWqDrVloC1zEtYHWw.woff2,vanillasometh/assets/ia3uin3hQWqDrVloC1zEtYHWw,image
https://framerusercontent.com/assets/ky8ovPukK4dJ1Pxq74qGhOqCYI.woff2,vanillasometh/assets/ky8ovPukK4dJ1Pxq74qGhOqCYI,image
https://framerusercontent.com/assets/lEJLP4R0yuCaMCjSXYHtJw72M.woff2,vanillasometh/assets/lEJLP4R0yuCaMCjSXYHtJw72M,image
https://framerusercontent.com/assets/mJzDXSKExWsfesTvyDJiBFwBLNQ.woff2,vanillasometh/assets/mJzDXSKExWsfesTvyDJiBFwBLNQ,image
https://framerusercontent.com/assets/miJTzODdiyIr3tRo9KEoqXXk2PM.woff2,vanillasometh/assets/miJTzODdiyIr3tRo9KEoqXXk2PM,image
https://framerusercontent.com/assets/mkY5Sgyq51ik0AMrSBwhm9DJg.woff2,vanillasometh/assets/mkY5Sgyq51ik0AMrSBwhm9DJg,image
https://framerusercontent.com/assets/oLCoaT3ioA0fHdJnWR9W6k7NY.woff2,vanillasometh/assets/oLCoaT3ioA0fHdJnWR9W6k7NY,image
https://framerusercontent.com/assets/oYaAX5himiTPYuN8vLWnqBbfD2s.woff2,vanillasometh/assets/oYaAX5himiTPYuN8vLWnqBbfD2s,image
https://framerusercontent.com/assets/otTaNuNpVK4RbdlT7zDDdKvQBA.woff2,vanillasometh/assets/otTaNuNpVK4RbdlT7zDDdKvQBA,image
https://framerusercontent.com/assets/rZ5DdENNqIdFTIyQQiP5isO7M.woff2,vanillasometh/assets/rZ5DdENNqIdFTIyQQiP5isO7M,image
https://framerusercontent.com/assets/tKtBcDnBMevsEEJKdNGhhkLzYo.woff2,vanillasometh/assets/tKtBcDnBMevsEEJKdNGhhkLzYo,image
https://framerusercontent.com/assets/tUSCtfYVM1I1IchuyCwz9gDdQ.woff2,vanillasometh/assets/tUSCtfYVM1I1IchuyCwz9gDdQ,image
https://framerusercontent.com/assets/u6gJwDuwB143kpNK1T1MDKDWkMc.woff2,vanillasometh/assets/u6gJwDuwB143kpNK1T1MDKDWkMc,image
https://framerusercontent.com/assets/v2q8JTTTs7McDMSEhnxAIBqd0.woff2,vanillasometh/assets/v2q8JTTTs7McDMSEhnxAIBqd0,image
https://framerusercontent.com/assets/vFzuJY0c65av44uhEKB6vyjFMg.woff2,vanillasometh/assets/vFzuJY0c65av44uhEKB6vyjFMg,image
https://framerusercontent.com/assets/vQyevYAyHtARFwPqUzQGpnDs.woff2,vanillasometh/assets/vQyevYAyHtARFwPqUzQGpnDs,image
https://framerusercontent.com/assets/vvNSqIj42qeQ2bvCRBIWKHscrc.woff2,vanillasometh/assets/vvNSqIj42qeQ2bvCRBIWKHscrc,image
https://framerusercontent.com/assets/wccHG0r4gBDAIRhfHiOlq6oEkqw.woff2,vanillasometh/assets/wccHG0r4gBDAIRhfHiOlq6oEkqw,image
https://framerusercontent.com/assets/xYYWaj7wCU5zSQH0eXvSaS19wo.woff2,vanillasometh/assets/xYYWaj7wCU5zSQH0eXvSaS19wo,image
https://framerusercontent.com/assets/yDiPvYxioBHsicnYxpPW35WQmx8.woff2,vanillasometh/assets/yDiPvYxioBHsicnYxpPW35WQmx8,image
https://framerusercontent.com/assets/zAMK70AQRFSShJgUiaR5IiIhgzk.woff2,vanillasometh/assets/zAMK70AQRFSShJgUiaR5IiIhgzk,image
https://framerusercontent.com/images/0TSn6WZjODn6CzV4oX0goCfjs0.png?scale-down-to=1024&amp;width=1536&amp;height=1024,vanillasometh/images/0TSn6WZjODn6CzV4oX0goCfjs0,image
https://framerusercontent.com/images/0TSn6WZjODn6CzV4oX0goCfjs0.png?scale-down-to=1024&width=1536&height=1024,vanillasometh/images/0TSn6WZjODn6CzV4oX0goCfjs0,image
https://framerusercontent.com/images/0TSn6WZjODn6CzV4oX0goCfjs0.png?scale-down-to=512&amp;width=1536&amp;height=1024,vanillasometh/images/0TSn6WZjODn6CzV4oX0goCfjs0,image
https://framerusercontent.com/images/0TSn6WZjODn6CzV4oX0goCfjs0.png?scale-down-to=512&width=1536&height=1024,vanillasometh/images/0TSn6WZjODn6CzV4oX0goCfjs0,image
https://framerusercontent.com/images/0TSn6WZjODn6CzV4oX0goCfjs0.png?width=1536&amp;height=1024,vanillasometh/images/0TSn6WZjODn6CzV4oX0goCfjs0,image
https://framerusercontent.com/images/0TSn6WZjODn6CzV4oX0goCfjs0.png?width=1536&height=1024,vanillasometh/images/0TSn6WZjODn6CzV4oX0goCfjs0,image
https://framerusercontent.com/images/11KSGbIZoRSg4pjdnUoif6MKHI.svg,vanillasometh/images/11KSGbIZoRSg4pjdnUoif6MKHI,image
https://framerusercontent.com/images/2c26sIr82lYVf9ZA5gPu0Fyuy4I.jpg?scale-down-to=1024&amp;width=3000&amp;height=2126,vanillasometh/images/2c26sIr82lYVf9ZA5gPu0Fyuy4I,image
https://framerusercontent.com/images/2c26sIr82lYVf9ZA5gPu0Fyuy4I.jpg?scale-down-to=1024&width=3000&height=2126,vanillasometh/images/2c26sIr82lYVf9ZA5gPu0Fyuy4I,image
https://framerusercontent.com/images/2c26sIr82lYVf9ZA5gPu0Fyuy4I.jpg?scale-down-to=2048&amp;width=3000&amp;height=2126,vanillasometh/images/2c26sIr82lYVf9ZA5gPu0Fyuy4I,image
https://framerusercontent.com/images/2c26sIr82lYVf9ZA5gPu0Fyuy4I.jpg?scale-down-to=2048&width=3000&height=2126,vanillasometh/images/2c26sIr82lYVf9ZA5gPu0Fyuy4I,image
https://framerusercontent.com/images/2c26sIr82lYVf9ZA5gPu0Fyuy4I.jpg?scale-down-to=512&amp;width=3000&amp;height=2126,vanillasometh/images/2c26sIr82lYVf9ZA5gPu0Fyuy4I,image
https://framerusercontent.com/images/2c26sIr82lYVf9ZA5gPu0Fyuy4I.jpg?scale-down-to=512&width=3000&height=2126,vanillasometh/images/2c26sIr82lYVf9ZA5gPu0Fyuy4I,image
https://framerusercontent.com/images/2c26sIr82lYVf9ZA5gPu0Fyuy4I.jpg?width=3000&amp;height=2126,vanillasometh/images/2c26sIr82lYVf9ZA5gPu0Fyuy4I,image
https://framerusercontent.com/images/2c26sIr82lYVf9ZA5gPu0Fyuy4I.jpg?width=3000&height=2126,vanillasometh/images/2c26sIr82lYVf9ZA5gPu0Fyuy4I,image
https://framerusercontent.com/images/300SV7xsgYBiZyZEvoJ5voSih4.png?scale-down-to=1024&amp;width=1866&amp;height=1257,vanillasometh/images/300SV7xsgYBiZyZEvoJ5voSih4,image
https://framerusercontent.com/images/300SV7xsgYBiZyZEvoJ5voSih4.png?scale-down-to=1024&width=1866&height=1257,vanillasometh/images/300SV7xsgYBiZyZEvoJ5voSih4,image
https://framerusercontent.com/images/300SV7xsgYBiZyZEvoJ5voSih4.png?scale-down-to=512&amp;width=1866&amp;height=1257,vanillasometh/images/300SV7xsgYBiZyZEvoJ5voSih4,image
https://framerusercontent.com/images/300SV7xsgYBiZyZEvoJ5voSih4.png?scale-down-to=512&width=1866&height=1257,vanillasometh/images/300SV7xsgYBiZyZEvoJ5voSih4,image
https://framerusercontent.com/images/300SV7xsgYBiZyZEvoJ5voSih4.png?width=1866&amp;height=1257,vanillasometh/images/300SV7xsgYBiZyZEvoJ5voSih4,image
https://framerusercontent.com/images/300SV7xsgYBiZyZEvoJ5voSih4.png?width=1866&height=1257,vanillasometh/images/300SV7xsgYBiZyZEvoJ5voSih4,image
https://framerusercontent.com/images/3ASwFHYbp90HKnOmqxBtmgEvMU.png?scale-down-to=1024&amp;width=1257&amp;height=1866,vanillasometh/images/3ASwFHYbp90HKnOmqxBtmgEvMU,image
https://framerusercontent.com/images/3ASwFHYbp90HKnOmqxBtmgEvMU.png?scale-down-to=1024&width=1257&height=1866,vanillasometh/images/3ASwFHYbp90HKnOmqxBtmgEvMU,image
https://framerusercontent.com/images/3ASwFHYbp90HKnOmqxBtmgEvMU.png?width=1257&amp;height=1866,vanillasometh/images/3ASwFHYbp90HKnOmqxBtmgEvMU,image
https://framerusercontent.com/images/3ASwFHYbp90HKnOmqxBtmgEvMU.png?width=1257&height=1866,vanillasometh/images/3ASwFHYbp90HKnOmqxBtmgEvMU,image
https://framerusercontent.com/images/3LGwFH6xGHWXAhV4EI89gCzDI.jpg?scale-down-to=1024&amp;width=1920&amp;height=1080,vanillasometh/images/3LGwFH6xGHWXAhV4EI89gCzDI,image
https://framerusercontent.com/images/3LGwFH6xGHWXAhV4EI89gCzDI.jpg?scale-down-to=1024&width=1920&height=1080,vanillasometh/images/3LGwFH6xGHWXAhV4EI89gCzDI,image
https://framerusercontent.com/images/3LGwFH6xGHWXAhV4EI89gCzDI.jpg?scale-down-to=512&amp;width=1920&amp;height=1080,vanillasometh/images/3LGwFH6xGHWXAhV4EI89gCzDI,image
https://framerusercontent.com/images/3LGwFH6xGHWXAhV4EI89gCzDI.jpg?scale-down-to=512&width=1920&height=1080,vanillasometh/images/3LGwFH6xGHWXAhV4EI89gCzDI,image
https://framerusercontent.com/images/3LGwFH6xGHWXAhV4EI89gCzDI.jpg?width=1920&amp;height=1080,vanillasometh/images/3LGwFH6xGHWXAhV4EI89gCzDI,image
https://framerusercontent.com/images/3LGwFH6xGHWXAhV4EI89gCzDI.jpg?width=1920&height=1080,vanillasometh/images/3LGwFH6xGHWXAhV4EI89gCzDI,image
https://framerusercontent.com/images/44pjUBj5FV3Z9Qtz8iB5ywdaA6I.png?scale-down-to=1024&amp;width=1866&amp;height=1009,vanillasometh/images/44pjUBj5FV3Z9Qtz8iB5ywdaA6I,image
https://framerusercontent.com/images/44pjUBj5FV3Z9Qtz8iB5ywdaA6I.png?scale-down-to=1024&width=1866&height=1009,vanillasometh/images/44pjUBj5FV3Z9Qtz8iB5ywdaA6I,image
https://framerusercontent.com/images/44pjUBj5FV3Z9Qtz8iB5ywdaA6I.png?scale-down-to=512&amp;width=1866&amp;height=1009,vanillasometh/images/44pjUBj5FV3Z9Qtz8iB5ywdaA6I,image
https://framerusercontent.com/images/44pjUBj5FV3Z9Qtz8iB5ywdaA6I.png?scale-down-to=512&width=1866&height=1009,vanillasometh/images/44pjUBj5FV3Z9Qtz8iB5ywdaA6I,image
https://framerusercontent.com/images/44pjUBj5FV3Z9Qtz8iB5ywdaA6I.png?width=1866&amp;height=1009,vanillasometh/images/44pjUBj5FV3Z9Qtz8iB5ywdaA6I,image
https://framerusercontent.com/images/44pjUBj5FV3Z9Qtz8iB5ywdaA6I.png?width=1866&height=1009,vanillasometh/images/44pjUBj5FV3Z9Qtz8iB5ywdaA6I,image
https://framerusercontent.com/images/4ozF3bX5xrkGtsuXbDNpNTS7Bs.jpg?scale-down-to=1024&width=849&height=1200,vanillasometh/images/4ozF3bX5xrkGtsuXbDNpNTS7Bs,image
https://framerusercontent.com/images/4ozF3bX5xrkGtsuXbDNpNTS7Bs.jpg?width=849&height=1200,vanillasometh/images/4ozF3bX5xrkGtsuXbDNpNTS7Bs,image
https://framerusercontent.com/images/4ptIsxEBu3lnkNnvTf6AM5SO26Q.png,vanillasometh/images/4ptIsxEBu3lnkNnvTf6AM5SO26Q,image
https://framerusercontent.com/images/5GHRFrptjaA48cRmz8EOzo26dh4.jpg?width=564&height=789,vanillasometh/images/5GHRFrptjaA48cRmz8EOzo26dh4,image
https://framerusercontent.com/images/5mQttCrNn04vA7KMA5TxXHJUPkI.jpg?scale-down-to=1024&amp;width=1080&amp;height=1080,vanillasometh/images/5mQttCrNn04vA7KMA5TxXHJUPkI,image
https://framerusercontent.com/images/5mQttCrNn04vA7KMA5TxXHJUPkI.jpg?scale-down-to=1024&width=1080&height=1080,vanillasometh/images/5mQttCrNn04vA7KMA5TxXHJUPkI,image
https://framerusercontent.com/images/5mQttCrNn04vA7KMA5TxXHJUPkI.jpg?scale-down-to=512&amp;width=1080&amp;height=1080,vanillasometh/images/5mQttCrNn04vA7KMA5TxXHJUPkI,image
https://framerusercontent.com/images/5mQttCrNn04vA7KMA5TxXHJUPkI.jpg?scale-down-to=512&width=1080&height=1080,vanillasometh/images/5mQttCrNn04vA7KMA5TxXHJUPkI,image
https://framerusercontent.com/images/5mQttCrNn04vA7KMA5TxXHJUPkI.jpg?width=1080&amp;height=1080,vanillasometh/images/5mQttCrNn04vA7KMA5TxXHJUPkI,image
https://framerusercontent.com/images/5mQttCrNn04vA7KMA5TxXHJUPkI.jpg?width=1080&height=1080,vanillasometh/images/5mQttCrNn04vA7KMA5TxXHJUPkI,image
https://framerusercontent.com/images/6tTbkXggWgQCAJ4DO2QEdXXmgM.svg,vanillasometh/images/6tTbkXggWgQCAJ4DO2QEdXXmgM,image
https://framerusercontent.com/images/9bfcI9p6vP2qHJCNZlMGEVcH17k.jpg?scale-down-to=1024&amp;width=1920&amp;height=1003,vanillasometh/images/9bfcI9p6vP2qHJCNZlMGEVcH17k,image
https://framerusercontent.com/images/9bfcI9p6vP2qHJCNZlMGEVcH17k.jpg?scale-down-to=1024&width=1920&height=1003,vanillasometh/images/9bfcI9p6vP2qHJCNZlMGEVcH17k,image
https://framerusercontent.com/images/9bfcI9p6vP2qHJCNZlMGEVcH17k.jpg?scale-down-to=512&amp;width=1920&amp;height=1003,vanillasometh/images/9bfcI9p6vP2qHJCNZlMGEVcH17k,image
https://framerusercontent.com/images/9bfcI9p6vP2qHJCNZlMGEVcH17k.jpg?scale-down-to=512&width=1920&height=1003,vanillasometh/images/9bfcI9p6vP2qHJCNZlMGEVcH17k,image
https://framerusercontent.com/images/9bfcI9p6vP2qHJCNZlMGEVcH17k.jpg?width=1920&amp;height=1003,vanillasometh/images/9bfcI9p6vP2qHJCNZlMGEVcH17k,image
https://framerusercontent.com/images/9bfcI9p6vP2qHJCNZlMGEVcH17k.jpg?width=1920&height=1003,vanillasometh/images/9bfcI9p6vP2qHJCNZlMGEVcH17k,image
https://framerusercontent.com/images/A841McgveLFGK0dJhzabN7AZH0.jpg?width=689&amp;height=811,vanillasometh/images/A841McgveLFGK0dJhzabN7AZH0,image
https://framerusercontent.com/images/A841McgveLFGK0dJhzabN7AZH0.jpg?width=689&height=811,vanillasometh/images/A841McgveLFGK0dJhzabN7AZH0,image
https://framerusercontent.com/images/AHCqeyuDqUKUjfy6EZOT0zPvnBM.jpg?scale-down-to=1024&amp;width=1080&amp;height=1920,vanillasometh/images/AHCqeyuDqUKUjfy6EZOT0zPvnBM,image
https://framerusercontent.com/images/AHCqeyuDqUKUjfy6EZOT0zPvnBM.jpg?scale-down-to=1024&width=1080&height=1920,vanillasometh/images/AHCqeyuDqUKUjfy6EZOT0zPvnBM,image
https://framerusercontent.com/images/AHCqeyuDqUKUjfy6EZOT0zPvnBM.jpg?width=1080&amp;height=1920,vanillasometh/images/AHCqeyuDqUKUjfy6EZOT0zPvnBM,image
https://framerusercontent.com/images/AHCqeyuDqUKUjfy6EZOT0zPvnBM.jpg?width=1080&height=1920,vanillasometh/images/AHCqeyuDqUKUjfy6EZOT0zPvnBM,image
https://framerusercontent.com/images/AI0u2FuN2JqVr5PS28MixwnR82k.jpg?scale-down-to=1024&amp;width=1355&amp;height=1020,vanillasometh/images/AI0u2FuN2JqVr5PS28MixwnR82k,image
https://framerusercontent.com/images/AI0u2FuN2JqVr5PS28MixwnR82k.jpg?scale-down-to=1024&width=1355&height=1020,vanillasometh/images/AI0u2FuN2JqVr5PS28MixwnR82k,image
https://framerusercontent.com/images/AI0u2FuN2JqVr5PS28MixwnR82k.jpg?scale-down-to=512&amp;width=1355&amp;height=1020,vanillasometh/images/AI0u2FuN2JqVr5PS28MixwnR82k,image
https://framerusercontent.com/images/AI0u2FuN2JqVr5PS28MixwnR82k.jpg?scale-down-to=512&width=1355&height=1020,vanillasometh/images/AI0u2FuN2JqVr5PS28MixwnR82k,image
https://framerusercontent.com/images/AI0u2FuN2JqVr5PS28MixwnR82k.jpg?width=1355&amp;height=1020,vanillasometh/images/AI0u2FuN2JqVr5PS28MixwnR82k,image
https://framerusercontent.com/images/AI0u2FuN2JqVr5PS28MixwnR82k.jpg?width=1355&height=1020,vanillasometh/images/AI0u2FuN2JqVr5PS28MixwnR82k,image
https://framerusercontent.com/images/B4xFhzEhd6G5mQnlYF6h0KEzxAo.png?lossless=1&amp;width=1024&amp;height=1024,vanillasometh/images/B4xFhzEhd6G5mQnlYF6h0KEzxAo,image
https://framerusercontent.com/images/B4xFhzEhd6G5mQnlYF6h0KEzxAo.png?lossless=1&width=1024&height=1024,vanillasometh/images/B4xFhzEhd6G5mQnlYF6h0KEzxAo,image
https://framerusercontent.com/images/B4xFhzEhd6G5mQnlYF6h0KEzxAo.png?scale-down-to=512&amp;lossless=1&amp;width=1024&amp;height=1024,vanillasometh/images/B4xFhzEhd6G5mQnlYF6h0KEzxAo,image
https://framerusercontent.com/images/B4xFhzEhd6G5mQnlYF6h0KEzxAo.png?scale-down-to=512&lossless=1&width=1024&height=1024,vanillasometh/images/B4xFhzEhd6G5mQnlYF6h0KEzxAo,image
https://framerusercontent.com/images/BoS1uYhzd8FVrZcl51Lgk55Pta0.jpg?scale-down-to=1024&amp;width=1920&amp;height=978,vanillasometh/images/BoS1uYhzd8FVrZcl51Lgk55Pta0,image
https://framerusercontent.com/images/BoS1uYhzd8FVrZcl51Lgk55Pta0.jpg?scale-down-to=1024&width=1920&height=978,vanillasometh/images/BoS1uYhzd8FVrZcl51Lgk55Pta0,image
https://framerusercontent.com/images/BoS1uYhzd8FVrZcl51Lgk55Pta0.jpg?scale-down-to=512&amp;width=1920&amp;height=978,vanillasometh/images/BoS1uYhzd8FVrZcl51Lgk55Pta0,image
https://framerusercontent.com/images/BoS1uYhzd8FVrZcl51Lgk55Pta0.jpg?scale-down-to=512&width=1920&height=978,vanillasometh/images/BoS1uYhzd8FVrZcl51Lgk55Pta0,image
https://framerusercontent.com/images/BoS1uYhzd8FVrZcl51Lgk55Pta0.jpg?width=1920&amp;height=978,vanillasometh/images/BoS1uYhzd8FVrZcl51Lgk55Pta0,image
https://framerusercontent.com/images/BoS1uYhzd8FVrZcl51Lgk55Pta0.jpg?width=1920&height=978,vanillasometh/images/BoS1uYhzd8FVrZcl51Lgk55Pta0,image
https://framerusercontent.com/images/CEKXi1dH5VIjMKAoLqwbAv5liQ.jpg?scale-down-to=1024&width=901&height=1200,vanillasometh/images/CEKXi1dH5VIjMKAoLqwbAv5liQ,image
https://framerusercontent.com/images/CEKXi1dH5VIjMKAoLqwbAv5liQ.jpg?width=901&height=1200,vanillasometh/images/CEKXi1dH5VIjMKAoLqwbAv5liQ,image
https://framerusercontent.com/images/DHRKcLc1QGDibDJfHdchiT00.png?scale-down-to=1024&amp;width=1901&amp;height=811,vanillasometh/images/DHRKcLc1QGDibDJfHdchiT00,image
https://framerusercontent.com/images/DHRKcLc1QGDibDJfHdchiT00.png?scale-down-to=1024&width=1901&height=811,vanillasometh/images/DHRKcLc1QGDibDJfHdchiT00,image
https://framerusercontent.com/images/DHRKcLc1QGDibDJfHdchiT00.png?scale-down-to=512&amp;width=1901&amp;height=811,vanillasometh/images/DHRKcLc1QGDibDJfHdchiT00,image
https://framerusercontent.com/images/DHRKcLc1QGDibDJfHdchiT00.png?scale-down-to=512&width=1901&height=811,vanillasometh/images/DHRKcLc1QGDibDJfHdchiT00,image
https://framerusercontent.com/images/DHRKcLc1QGDibDJfHdchiT00.png?width=1901&amp;height=811,vanillasometh/images/DHRKcLc1QGDibDJfHdchiT00,image
https://framerusercontent.com/images/DHRKcLc1QGDibDJfHdchiT00.png?width=1901&height=811,vanillasometh/images/DHRKcLc1QGDibDJfHdchiT00,image
https://framerusercontent.com/images/DUfuZIcfqmplu42OBfbhKcxg.png?scale-down-to=1024&amp;width=1376&amp;height=709,vanillasometh/images/DUfuZIcfqmplu42OBfbhKcxg,image
https://framerusercontent.com/images/DUfuZIcfqmplu42OBfbhKcxg.png?scale-down-to=1024&width=1376&height=709,vanillasometh/images/DUfuZIcfqmplu42OBfbhKcxg,image
https://framerusercontent.com/images/DUfuZIcfqmplu42OBfbhKcxg.png?scale-down-to=512&amp;width=1376&amp;height=709,vanillasometh/images/DUfuZIcfqmplu42OBfbhKcxg,image
https://framerusercontent.com/images/DUfuZIcfqmplu42OBfbhKcxg.png?scale-down-to=512&width=1376&height=709,vanillasometh/images/DUfuZIcfqmplu42OBfbhKcxg,image
https://framerusercontent.com/images/DUfuZIcfqmplu42OBfbhKcxg.png?width=1376&amp;height=709,vanillasometh/images/DUfuZIcfqmplu42OBfbhKcxg,image
https://framerusercontent.com/images/DUfuZIcfqmplu42OBfbhKcxg.png?width=1376&height=709,vanillasometh/images/DUfuZIcfqmplu42OBfbhKcxg,image
https://framerusercontent.com/images/DWRxUUAvm93qMApEzOZyjGRp0.png?scale-down-to=1024&amp;width=1376&amp;height=668,vanillasometh/images/DWRxUUAvm93qMApEzOZyjGRp0,image
https://framerusercontent.com/images/DWRxUUAvm93qMApEzOZyjGRp0.png?scale-down-to=1024&width=1376&height=668,vanillasometh/images/DWRxUUAvm93qMApEzOZyjGRp0,image
https://framerusercontent.com/images/DWRxUUAvm93qMApEzOZyjGRp0.png?scale-down-to=512&amp;width=1376&amp;height=668,vanillasometh/images/DWRxUUAvm93qMApEzOZyjGRp0,image
https://framerusercontent.com/images/DWRxUUAvm93qMApEzOZyjGRp0.png?scale-down-to=512&width=1376&height=668,vanillasometh/images/DWRxUUAvm93qMApEzOZyjGRp0,image
https://framerusercontent.com/images/DWRxUUAvm93qMApEzOZyjGRp0.png?width=1376&amp;height=668,vanillasometh/images/DWRxUUAvm93qMApEzOZyjGRp0,image
https://framerusercontent.com/images/DWRxUUAvm93qMApEzOZyjGRp0.png?width=1376&height=668,vanillasometh/images/DWRxUUAvm93qMApEzOZyjGRp0,image
https://framerusercontent.com/images/EsedbmP5wyBiEUlNOl020JaRLI.jpg?scale-down-to=1024&amp;width=1920&amp;height=1080,vanillasometh/images/EsedbmP5wyBiEUlNOl020JaRLI,image
https://framerusercontent.com/images/EsedbmP5wyBiEUlNOl020JaRLI.jpg?scale-down-to=1024&width=1920&height=1080,vanillasometh/images/EsedbmP5wyBiEUlNOl020JaRLI,image
https://framerusercontent.com/images/EsedbmP5wyBiEUlNOl020JaRLI.jpg?scale-down-to=512&amp;width=1920&amp;height=1080,vanillasometh/images/EsedbmP5wyBiEUlNOl020JaRLI,image
https://framerusercontent.com/images/EsedbmP5wyBiEUlNOl020JaRLI.jpg?scale-down-to=512&width=1920&height=1080,vanillasometh/images/EsedbmP5wyBiEUlNOl020JaRLI,image
https://framerusercontent.com/images/EsedbmP5wyBiEUlNOl020JaRLI.jpg?width=1920&amp;height=1080,vanillasometh/images/EsedbmP5wyBiEUlNOl020JaRLI,image
https://framerusercontent.com/images/EsedbmP5wyBiEUlNOl020JaRLI.jpg?width=1920&height=1080,vanillasometh/images/EsedbmP5wyBiEUlNOl020JaRLI,image
https://framerusercontent.com/images/FWwq0pVadml4ey0WstpAj5rvlM.png?scale-down-to=1024&amp;width=1920&amp;height=1080,vanillasometh/images/FWwq0pVadml4ey0WstpAj5rvlM,image
https://framerusercontent.com/images/FWwq0pVadml4ey0WstpAj5rvlM.png?scale-down-to=1024&width=1920&height=1080,vanillasometh/images/FWwq0pVadml4ey0WstpAj5rvlM,image
https://framerusercontent.com/images/FWwq0pVadml4ey0WstpAj5rvlM.png?scale-down-to=512&amp;width=1920&amp;height=1080,vanillasometh/images/FWwq0pVadml4ey0WstpAj5rvlM,image
https://framerusercontent.com/images/FWwq0pVadml4ey0WstpAj5rvlM.png?scale-down-to=512&width=1920&height=1080,vanillasometh/images/FWwq0pVadml4ey0WstpAj5rvlM,image
https://framerusercontent.com/images/FWwq0pVadml4ey0WstpAj5rvlM.png?width=1920&amp;height=1080,vanillasometh/images/FWwq0pVadml4ey0WstpAj5rvlM,image
https://framerusercontent.com/images/FWwq0pVadml4ey0WstpAj5rvlM.png?width=1920&height=1080,vanillasometh/images/FWwq0pVadml4ey0WstpAj5rvlM,image
https://framerusercontent.com/images/GfGHsUHib7Hu45pcUoEfLk9Fkk.jpg,vanillasometh/images/GfGHsUHib7Hu45pcUoEfLk9Fkk,image
https://framerusercontent.com/images/HhPJaClTuEDV2MX2eWZlH0ezmWc.png?scale-down-to=1024&amp;width=1866&amp;height=1257,vanillasometh/images/HhPJaClTuEDV2MX2eWZlH0ezmWc,image
https://framerusercontent.com/images/HhPJaClTuEDV2MX2eWZlH0ezmWc.png?scale-down-to=1024&width=1866&height=1257,vanillasometh/images/HhPJaClTuEDV2MX2eWZlH0ezmWc,image
https://framerusercontent.com/images/HhPJaClTuEDV2MX2eWZlH0ezmWc.png?scale-down-to=512&amp;width=1866&amp;height=1257,vanillasometh/images/HhPJaClTuEDV2MX2eWZlH0ezmWc,image
https://framerusercontent.com/images/HhPJaClTuEDV2MX2eWZlH0ezmWc.png?scale-down-to=512&width=1866&height=1257,vanillasometh/images/HhPJaClTuEDV2MX2eWZlH0ezmWc,image
https://framerusercontent.com/images/HhPJaClTuEDV2MX2eWZlH0ezmWc.png?width=1866&amp;height=1257,vanillasometh/images/HhPJaClTuEDV2MX2eWZlH0ezmWc,image
https://framerusercontent.com/images/HhPJaClTuEDV2MX2eWZlH0ezmWc.png?width=1866&height=1257,vanillasometh/images/HhPJaClTuEDV2MX2eWZlH0ezmWc,image
https://framerusercontent.com/images/IbbRf5jMwy2fzNFbkvdp74ff0gk.jpg?scale-down-to=1024&amp;width=3000&amp;height=1642,vanillasometh/images/IbbRf5jMwy2fzNFbkvdp74ff0gk,image
https://framerusercontent.com/images/IbbRf5jMwy2fzNFbkvdp74ff0gk.jpg?scale-down-to=1024&width=3000&height=1642,vanillasometh/images/IbbRf5jMwy2fzNFbkvdp74ff0gk,image
https://framerusercontent.com/images/IbbRf5jMwy2fzNFbkvdp74ff0gk.jpg?scale-down-to=2048&amp;width=3000&amp;height=1642,vanillasometh/images/IbbRf5jMwy2fzNFbkvdp74ff0gk,image
https://framerusercontent.com/images/IbbRf5jMwy2fzNFbkvdp74ff0gk.jpg?scale-down-to=2048&width=3000&height=1642,vanillasometh/images/IbbRf5jMwy2fzNFbkvdp74ff0gk,image
https://framerusercontent.com/images/IbbRf5jMwy2fzNFbkvdp74ff0gk.jpg?scale-down-to=512&amp;width=3000&amp;height=1642,vanillasometh/images/IbbRf5jMwy2fzNFbkvdp74ff0gk,image
https://framerusercontent.com/images/IbbRf5jMwy2fzNFbkvdp74ff0gk.jpg?scale-down-to=512&width=3000&height=1642,vanillasometh/images/IbbRf5jMwy2fzNFbkvdp74ff0gk,image
https://framerusercontent.com/images/IbbRf5jMwy2fzNFbkvdp74ff0gk.jpg?width=3000&amp;height=1642,vanillasometh/images/IbbRf5jMwy2fzNFbkvdp74ff0gk,image
https://framerusercontent.com/images/IbbRf5jMwy2fzNFbkvdp74ff0gk.jpg?width=3000&height=1642,vanillasometh/images/IbbRf5jMwy2fzNFbkvdp74ff0gk,image
https://framerusercontent.com/images/JiPwsLmcXJXb6EaQeAbpsNAZjwE.jpeg?width=764&height=866,vanillasometh/images/JiPwsLmcXJXb6EaQeAbpsNAZjwE,image
https://framerusercontent.com/images/JqNyBLBUgBqObvTwptg03PlNFQE.jpg?scale-down-to=1024&width=3857&height=5975,vanillasometh/images/JqNyBLBUgBqObvTwptg03PlNFQE,image
https://framerusercontent.com/images/JqNyBLBUgBqObvTwptg03PlNFQE.jpg?scale-down-to=2048&width=3857&height=5975,vanillasometh/images/JqNyBLBUgBqObvTwptg03PlNFQE,image
https://framerusercontent.com/images/JqNyBLBUgBqObvTwptg03PlNFQE.jpg?scale-down-to=4096&width=3857&height=5975,vanillasometh/images/JqNyBLBUgBqObvTwptg03PlNFQE,image
https://framerusercontent.com/images/JqNyBLBUgBqObvTwptg03PlNFQE.jpg?width=3857&height=5975,vanillasometh/images/JqNyBLBUgBqObvTwptg03PlNFQE,image
https://framerusercontent.com/images/KB1z1UXtSQJVDFJX6l0jYZSuA.jpg?scale-down-to=512&width=960&height=919,vanillasometh/images/KB1z1UXtSQJVDFJX6l0jYZSuA,image
https://framerusercontent.com/images/KB1z1UXtSQJVDFJX6l0jYZSuA.jpg?width=960&height=919,vanillasometh/images/KB1z1UXtSQJVDFJX6l0jYZSuA,image
https://framerusercontent.com/images/KS1M3lRmKRjAyvkgulYCSTQ4k4.jpg?scale-down-to=1024&amp;width=1920&amp;height=1080,vanillasometh/images/KS1M3lRmKRjAyvkgulYCSTQ4k4,image
https://framerusercontent.com/images/KS1M3lRmKRjAyvkgulYCSTQ4k4.jpg?scale-down-to=1024&width=1920&height=1080,vanillasometh/images/KS1M3lRmKRjAyvkgulYCSTQ4k4,image
https://framerusercontent.com/images/KS1M3lRmKRjAyvkgulYCSTQ4k4.jpg?scale-down-to=512&amp;width=1920&amp;height=1080,vanillasometh/images/KS1M3lRmKRjAyvkgulYCSTQ4k4,image
https://framerusercontent.com/images/KS1M3lRmKRjAyvkgulYCSTQ4k4.jpg?scale-down-to=512&width=1920&height=1080,vanillasometh/images/KS1M3lRmKRjAyvkgulYCSTQ4k4,image
https://framerusercontent.com/images/KS1M3lRmKRjAyvkgulYCSTQ4k4.jpg?width=1920&amp;height=1080,vanillasometh/images/KS1M3lRmKRjAyvkgulYCSTQ4k4,image
https://framerusercontent.com/images/KS1M3lRmKRjAyvkgulYCSTQ4k4.jpg?width=1920&height=1080,vanillasometh/images/KS1M3lRmKRjAyvkgulYCSTQ4k4,image
https://framerusercontent.com/images/Kn6kn3qnIbGtIBF2JxVujTfJk.jpg?scale-down-to=1024&amp;width=1414&amp;height=2000,vanillasometh/images/Kn6kn3qnIbGtIBF2JxVujTfJk,image
https://framerusercontent.com/images/Kn6kn3qnIbGtIBF2JxVujTfJk.jpg?scale-down-to=1024&width=1414&height=2000,vanillasometh/images/Kn6kn3qnIbGtIBF2JxVujTfJk,image
https://framerusercontent.com/images/Kn6kn3qnIbGtIBF2JxVujTfJk.jpg?width=1414&amp;height=2000,vanillasometh/images/Kn6kn3qnIbGtIBF2JxVujTfJk,image
https://framerusercontent.com/images/Kn6kn3qnIbGtIBF2JxVujTfJk.jpg?width=1414&height=2000,vanillasometh/images/Kn6kn3qnIbGtIBF2JxVujTfJk,image
https://framerusercontent.com/images/L4Xsh1FL7vzvaQX0CGp2B2Grfo.jpg?scale-down-to=1024&amp;width=3607&amp;height=2338,vanillasometh/images/L4Xsh1FL7vzvaQX0CGp2B2Grfo,image
https://framerusercontent.com/images/L4Xsh1FL7vzvaQX0CGp2B2Grfo.jpg?scale-down-to=1024&width=3607&height=2338,vanillasometh/images/L4Xsh1FL7vzvaQX0CGp2B2Grfo,image
https://framerusercontent.com/images/L4Xsh1FL7vzvaQX0CGp2B2Grfo.jpg?scale-down-to=2048&amp;width=3607&amp;height=2338,vanillasometh/images/L4Xsh1FL7vzvaQX0CGp2B2Grfo,image
https://framerusercontent.com/images/L4Xsh1FL7vzvaQX0CGp2B2Grfo.jpg?scale-down-to=2048&width=3607&height=2338,vanillasometh/images/L4Xsh1FL7vzvaQX0CGp2B2Grfo,image
https://framerusercontent.com/images/L4Xsh1FL7vzvaQX0CGp2B2Grfo.jpg?scale-down-to=512&amp;width=3607&amp;height=2338,vanillasometh/images/L4Xsh1FL7vzvaQX0CGp2B2Grfo,image
https://framerusercontent.com/images/L4Xsh1FL7vzvaQX0CGp2B2Grfo.jpg?scale-down-to=512&width=3607&height=2338,vanillasometh/images/L4Xsh1FL7vzvaQX0CGp2B2Grfo,image
https://framerusercontent.com/images/L4Xsh1FL7vzvaQX0CGp2B2Grfo.jpg?width=3607&amp;height=2338,vanillasometh/images/L4Xsh1FL7vzvaQX0CGp2B2Grfo,image
https://framerusercontent.com/images/L4Xsh1FL7vzvaQX0CGp2B2Grfo.jpg?width=3607&height=2338,vanillasometh/images/L4Xsh1FL7vzvaQX0CGp2B2Grfo,image
https://framerusercontent.com/images/LEBKtLCqpTSS2pBKKKg1vfYSMI.jpg?scale-down-to=1024&width=3975&height=5962,vanillasometh/images/LEBKtLCqpTSS2pBKKKg1vfYSMI,image
https://framerusercontent.com/images/LEBKtLCqpTSS2pBKKKg1vfYSMI.jpg?scale-down-to=2048&width=3975&height=5962,vanillasometh/images/LEBKtLCqpTSS2pBKKKg1vfYSMI,image
https://framerusercontent.com/images/LEBKtLCqpTSS2pBKKKg1vfYSMI.jpg?scale-down-to=4096&width=3975&height=5962,vanillasometh/images/LEBKtLCqpTSS2pBKKKg1vfYSMI,image
https://framerusercontent.com/images/LEBKtLCqpTSS2pBKKKg1vfYSMI.jpg?width=3975&height=5962,vanillasometh/images/LEBKtLCqpTSS2pBKKKg1vfYSMI,image
https://framerusercontent.com/images/MbKW4HYq56YJZotqCWlIWlTA.jpeg?scale-down-to=1024&width=814&height=1220,vanillasometh/images/MbKW4HYq56YJZotqCWlIWlTA,image
https://framerusercontent.com/images/MbKW4HYq56YJZotqCWlIWlTA.jpeg?width=814&height=1220,vanillasometh/images/MbKW4HYq56YJZotqCWlIWlTA,image
https://framerusercontent.com/images/NaUPVQWYAk4s98QG4ifouPQqWw.png?width=697&amp;height=1024,vanillasometh/images/NaUPVQWYAk4s98QG4ifouPQqWw,image
https://framerusercontent.com/images/NaUPVQWYAk4s98QG4ifouPQqWw.png?width=697&height=1024,vanillasometh/images/NaUPVQWYAk4s98QG4ifouPQqWw,image
https://framerusercontent.com/images/NlzGawrikUVgo9DkBUkb1kaM.png?scale-down-to=1024&amp;width=1536&amp;height=1024,vanillasometh/images/NlzGawrikUVgo9DkBUkb1kaM,image
https://framerusercontent.com/images/NlzGawrikUVgo9DkBUkb1kaM.png?scale-down-to=1024&width=1536&height=1024,vanillasometh/images/NlzGawrikUVgo9DkBUkb1kaM,image
https://framerusercontent.com/images/NlzGawrikUVgo9DkBUkb1kaM.png?scale-down-to=512&amp;width=1536&amp;height=1024,vanillasometh/images/NlzGawrikUVgo9DkBUkb1kaM,image
https://framerusercontent.com/images/NlzGawrikUVgo9DkBUkb1kaM.png?scale-down-to=512&width=1536&height=1024,vanillasometh/images/NlzGawrikUVgo9DkBUkb1kaM,image
https://framerusercontent.com/images/NlzGawrikUVgo9DkBUkb1kaM.png?width=1536&amp;height=1024,vanillasometh/images/NlzGawrikUVgo9DkBUkb1kaM,image
https://framerusercontent.com/images/NlzGawrikUVgo9DkBUkb1kaM.png?width=1536&height=1024,vanillasometh/images/NlzGawrikUVgo9DkBUkb1kaM,image
https://framerusercontent.com/images/O8IZDrHinI2G807cJslac9N5bU.jpg?width=683&amp;height=1024,vanillasometh/images/O8IZDrHinI2G807cJslac9N5bU,image
https://framerusercontent.com/images/O8IZDrHinI2G807cJslac9N5bU.jpg?width=683&height=1024,vanillasometh/images/O8IZDrHinI2G807cJslac9N5bU,image
https://framerusercontent.com/images/Oa0Ljj3Ns41scakcVH1ZKZiyPo.jpg?scale-down-to=1024&width=2888&height=5131,vanillasometh/images/Oa0Ljj3Ns41scakcVH1ZKZiyPo,image
https://framerusercontent.com/images/Oa0Ljj3Ns41scakcVH1ZKZiyPo.jpg?scale-down-to=2048&width=2888&height=5131,vanillasometh/images/Oa0Ljj3Ns41scakcVH1ZKZiyPo,image
https://framerusercontent.com/images/Oa0Ljj3Ns41scakcVH1ZKZiyPo.jpg?scale-down-to=4096&width=2888&height=5131,vanillasometh/images/Oa0Ljj3Ns41scakcVH1ZKZiyPo,image
https://framerusercontent.com/images/Oa0Ljj3Ns41scakcVH1ZKZiyPo.jpg?width=2888&height=5131,vanillasometh/images/Oa0Ljj3Ns41scakcVH1ZKZiyPo,image
https://framerusercontent.com/images/PJ4Uq3QfIJ2p8diYpjp320uw75s.png?scale-down-to=1024&amp;width=3852&amp;height=4096,vanillasometh/images/PJ4Uq3QfIJ2p8diYpjp320uw75s,image
https://framerusercontent.com/images/PJ4Uq3QfIJ2p8diYpjp320uw75s.png?scale-down-to=1024&width=3852&height=4096,vanillasometh/images/PJ4Uq3QfIJ2p8diYpjp320uw75s,image
https://framerusercontent.com/images/PJ4Uq3QfIJ2p8diYpjp320uw75s.png?scale-down-to=2048&amp;width=3852&amp;height=4096,vanillasometh/images/PJ4Uq3QfIJ2p8diYpjp320uw75s,image
https://framerusercontent.com/images/PJ4Uq3QfIJ2p8diYpjp320uw75s.png?scale-down-to=2048&width=3852&height=4096,vanillasometh/images/PJ4Uq3QfIJ2p8diYpjp320uw75s,image
https://framerusercontent.com/images/PJ4Uq3QfIJ2p8diYpjp320uw75s.png?width=3852&amp;height=4096,vanillasometh/images/PJ4Uq3QfIJ2p8diYpjp320uw75s,image
https://framerusercontent.com/images/PJ4Uq3QfIJ2p8diYpjp320uw75s.png?width=3852&height=4096,vanillasometh/images/PJ4Uq3QfIJ2p8diYpjp320uw75s,image
https://framerusercontent.com/images/PKSLkb9sH6u4iacGn4dkrd3dM.png?scale-down-to=1024&amp;width=1536&amp;height=1024,vanillasometh/images/PKSLkb9sH6u4iacGn4dkrd3dM,image
https://framerusercontent.com/images/PKSLkb9sH6u4iacGn4dkrd3dM.png?scale-down-to=1024&width=1536&height=1024,vanillasometh/images/PKSLkb9sH6u4iacGn4dkrd3dM,image
https://framerusercontent.com/images/PKSLkb9sH6u4iacGn4dkrd3dM.png?scale-down-to=512&amp;width=1536&amp;height=1024,vanillasometh/images/PKSLkb9sH6u4iacGn4dkrd3dM,image
https://framerusercontent.com/images/PKSLkb9sH6u4iacGn4dkrd3dM.png?scale-down-to=512&width=1536&height=1024,vanillasometh/images/PKSLkb9sH6u4iacGn4dkrd3dM,image
https://framerusercontent.com/images/PKSLkb9sH6u4iacGn4dkrd3dM.png?width=1536&amp;height=1024,vanillasometh/images/PKSLkb9sH6u4iacGn4dkrd3dM,image
https://framerusercontent.com/images/PKSLkb9sH6u4iacGn4dkrd3dM.png?width=1536&height=1024,vanillasometh/images/PKSLkb9sH6u4iacGn4dkrd3dM,image
https://framerusercontent.com/images/Pz7a9QxvOImaJOSRVuijaW1jyU.jpeg?width=814&height=884,vanillasometh/images/Pz7a9QxvOImaJOSRVuijaW1jyU,image
https://framerusercontent.com/images/Q8bmHzZaQIQyELQ0wK4xVmHx0I.jpg?scale-down-to=1024&width=750&height=1124,vanillasometh/images/Q8bmHzZaQIQyELQ0wK4xVmHx0I,image
https://framerusercontent.com/images/Q8bmHzZaQIQyELQ0wK4xVmHx0I.jpg?width=750&height=1124,vanillasometh/images/Q8bmHzZaQIQyELQ0wK4xVmHx0I,image
https://framerusercontent.com/images/SeFdwOcgHQSe3IhVljhziAU.jpg?scale-down-to=1024&amp;width=1808&amp;height=1911,vanillasometh/images/SeFdwOcgHQSe3IhVljhziAU,image
https://framerusercontent.com/images/SeFdwOcgHQSe3IhVljhziAU.jpg?scale-down-to=1024&width=1808&height=1911,vanillasometh/images/SeFdwOcgHQSe3IhVljhziAU,image
https://framerusercontent.com/images/SeFdwOcgHQSe3IhVljhziAU.jpg?width=1808&amp;height=1911,vanillasometh/images/SeFdwOcgHQSe3IhVljhziAU,image
https://framerusercontent.com/images/SeFdwOcgHQSe3IhVljhziAU.jpg?width=1808&height=1911,vanillasometh/images/SeFdwOcgHQSe3IhVljhziAU,image
https://framerusercontent.com/images/T98rXbDe22AHjmHh6lyaY0PgZA.mp4,vanillasometh/video/T98rXbDe22AHjmHh6lyaY0PgZA,video
https://framerusercontent.com/images/T98rXbDe22AHjmHh6lyaY0PgZA.mp4\,vanillasometh/images/T98rXbDe22AHjmHh6lyaY0PgZA,image
https://framerusercontent.com/images/TMmyWvO1mP1WiLcy3VwJUQI0Fco.jpg?scale-down-to=1024&width=2616&height=3916,vanillasometh/images/TMmyWvO1mP1WiLcy3VwJUQI0Fco,image
https://framerusercontent.com/images/TMmyWvO1mP1WiLcy3VwJUQI0Fco.jpg?scale-down-to=2048&width=2616&height=3916,vanillasometh/images/TMmyWvO1mP1WiLcy3VwJUQI0Fco,image
https://framerusercontent.com/images/TMmyWvO1mP1WiLcy3VwJUQI0Fco.jpg?width=2616&height=3916,vanillasometh/images/TMmyWvO1mP1WiLcy3VwJUQI0Fco,image
https://framerusercontent.com/images/TlFbEHoTfVqDRF0307Z9W3VH34.jpg?scale-down-to=1024&amp;width=1920&amp;height=1080,vanillasometh/images/TlFbEHoTfVqDRF0307Z9W3VH34,image
https://framerusercontent.com/images/TlFbEHoTfVqDRF0307Z9W3VH34.jpg?scale-down-to=1024&width=1920&height=1080,vanillasometh/images/TlFbEHoTfVqDRF0307Z9W3VH34,image
https://framerusercontent.com/images/TlFbEHoTfVqDRF0307Z9W3VH34.jpg?scale-down-to=512&amp;width=1920&amp;height=1080,vanillasometh/images/TlFbEHoTfVqDRF0307Z9W3VH34,image
https://framerusercontent.com/images/TlFbEHoTfVqDRF0307Z9W3VH34.jpg?scale-down-to=512&width=1920&height=1080,vanillasometh/images/TlFbEHoTfVqDRF0307Z9W3VH34,image
https://framerusercontent.com/images/TlFbEHoTfVqDRF0307Z9W3VH34.jpg?width=1920&amp;height=1080,vanillasometh/images/TlFbEHoTfVqDRF0307Z9W3VH34,image
https://framerusercontent.com/images/TlFbEHoTfVqDRF0307Z9W3VH34.jpg?width=1920&height=1080,vanillasometh/images/TlFbEHoTfVqDRF0307Z9W3VH34,image
https://framerusercontent.com/images/VFnaLJCbh153CsjCkNYXs5WtPyg.jpg?scale-down-to=512&width=803&height=780,vanillasometh/images/VFnaLJCbh153CsjCkNYXs5WtPyg,image
https://framerusercontent.com/images/VFnaLJCbh153CsjCkNYXs5WtPyg.jpg?width=803&height=780,vanillasometh/images/VFnaLJCbh153CsjCkNYXs5WtPyg,image
https://framerusercontent.com/images/Vv0hXKoszcGHLixcB8Av1H3mJD8.png?scale-down-to=1024&amp;width=1376&amp;height=768,vanillasometh/images/Vv0hXKoszcGHLixcB8Av1H3mJD8,image
https://framerusercontent.com/images/Vv0hXKoszcGHLixcB8Av1H3mJD8.png?scale-down-to=1024&width=1376&height=768,vanillasometh/images/Vv0hXKoszcGHLixcB8Av1H3mJD8,image
https://framerusercontent.com/images/Vv0hXKoszcGHLixcB8Av1H3mJD8.png?scale-down-to=512&amp;width=1376&amp;height=768,vanillasometh/images/Vv0hXKoszcGHLixcB8Av1H3mJD8,image
https://framerusercontent.com/images/Vv0hXKoszcGHLixcB8Av1H3mJD8.png?scale-down-to=512&width=1376&height=768,vanillasometh/images/Vv0hXKoszcGHLixcB8Av1H3mJD8,image
https://framerusercontent.com/images/Vv0hXKoszcGHLixcB8Av1H3mJD8.png?width=1376&amp;height=768,vanillasometh/images/Vv0hXKoszcGHLixcB8Av1H3mJD8,image
https://framerusercontent.com/images/Vv0hXKoszcGHLixcB8Av1H3mJD8.png?width=1376&height=768,vanillasometh/images/Vv0hXKoszcGHLixcB8Av1H3mJD8,image
https://framerusercontent.com/images/XYBKliRXXKxijovY4lEfnZhkm0.jpg?scale-down-to=1024&amp;width=803&amp;height=1080,vanillasometh/images/XYBKliRXXKxijovY4lEfnZhkm0,image
https://framerusercontent.com/images/XYBKliRXXKxijovY4lEfnZhkm0.jpg?scale-down-to=1024&width=803&height=1080,vanillasometh/images/XYBKliRXXKxijovY4lEfnZhkm0,image
https://framerusercontent.com/images/XYBKliRXXKxijovY4lEfnZhkm0.jpg?width=803&amp;height=1080,vanillasometh/images/XYBKliRXXKxijovY4lEfnZhkm0,image
https://framerusercontent.com/images/XYBKliRXXKxijovY4lEfnZhkm0.jpg?width=803&height=1080,vanillasometh/images/XYBKliRXXKxijovY4lEfnZhkm0,image
https://framerusercontent.com/images/YD7oXldVe8icRp2bb27r8w9GIoc.jpg?scale-down-to=1024&width=2000&height=1414,vanillasometh/images/YD7oXldVe8icRp2bb27r8w9GIoc,image
https://framerusercontent.com/images/YD7oXldVe8icRp2bb27r8w9GIoc.jpg?scale-down-to=512&width=2000&height=1414,vanillasometh/images/YD7oXldVe8icRp2bb27r8w9GIoc,image
https://framerusercontent.com/images/YD7oXldVe8icRp2bb27r8w9GIoc.jpg?width=2000&height=1414,vanillasometh/images/YD7oXldVe8icRp2bb27r8w9GIoc,image
https://framerusercontent.com/images/YRZaH09aWQ6auWKKxcizYRHM4I.jpg?scale-down-to=1024&amp;width=1920&amp;height=1080,vanillasometh/images/YRZaH09aWQ6auWKKxcizYRHM4I,image
https://framerusercontent.com/images/YRZaH09aWQ6auWKKxcizYRHM4I.jpg?scale-down-to=1024&width=1920&height=1080,vanillasometh/images/YRZaH09aWQ6auWKKxcizYRHM4I,image
https://framerusercontent.com/images/YRZaH09aWQ6auWKKxcizYRHM4I.jpg?scale-down-to=512&amp;width=1920&amp;height=1080,vanillasometh/images/YRZaH09aWQ6auWKKxcizYRHM4I,image
https://framerusercontent.com/images/YRZaH09aWQ6auWKKxcizYRHM4I.jpg?scale-down-to=512&width=1920&height=1080,vanillasometh/images/YRZaH09aWQ6auWKKxcizYRHM4I,image
https://framerusercontent.com/images/YRZaH09aWQ6auWKKxcizYRHM4I.jpg?width=1920&amp;height=1080,vanillasometh/images/YRZaH09aWQ6auWKKxcizYRHM4I,image
https://framerusercontent.com/images/YRZaH09aWQ6auWKKxcizYRHM4I.jpg?width=1920&height=1080,vanillasometh/images/YRZaH09aWQ6auWKKxcizYRHM4I,image
https://framerusercontent.com/images/YvBroEXjbxEceU1Q1LifjH14.png?scale-down-to=1024&amp;width=4096&amp;height=4096,vanillasometh/images/YvBroEXjbxEceU1Q1LifjH14,image
https://framerusercontent.com/images/YvBroEXjbxEceU1Q1LifjH14.png?scale-down-to=1024&width=4096&height=4096,vanillasometh/images/YvBroEXjbxEceU1Q1LifjH14,image
https://framerusercontent.com/images/YvBroEXjbxEceU1Q1LifjH14.png?scale-down-to=2048&amp;width=4096&amp;height=4096,vanillasometh/images/YvBroEXjbxEceU1Q1LifjH14,image
https://framerusercontent.com/images/YvBroEXjbxEceU1Q1LifjH14.png?scale-down-to=2048&width=4096&height=4096,vanillasometh/images/YvBroEXjbxEceU1Q1LifjH14,image
https://framerusercontent.com/images/YvBroEXjbxEceU1Q1LifjH14.png?scale-down-to=512&amp;width=4096&amp;height=4096,vanillasometh/images/YvBroEXjbxEceU1Q1LifjH14,image
https://framerusercontent.com/images/YvBroEXjbxEceU1Q1LifjH14.png?scale-down-to=512&width=4096&height=4096,vanillasometh/images/YvBroEXjbxEceU1Q1LifjH14,image
https://framerusercontent.com/images/YvBroEXjbxEceU1Q1LifjH14.png?width=4096&amp;height=4096,vanillasometh/images/YvBroEXjbxEceU1Q1LifjH14,image
https://framerusercontent.com/images/YvBroEXjbxEceU1Q1LifjH14.png?width=4096&height=4096,vanillasometh/images/YvBroEXjbxEceU1Q1LifjH14,image
https://framerusercontent.com/images/Z7GZxBTR11gVCaDzkL4WF3L9py8.png,vanillasometh/images/Z7GZxBTR11gVCaDzkL4WF3L9py8,image
https://framerusercontent.com/images/Z9rkIVNNNtcPbDVsxv2K9gI0fM.jpg?scale-down-to=1024&amp;width=2000&amp;height=1414,vanillasometh/images/Z9rkIVNNNtcPbDVsxv2K9gI0fM,image
https://framerusercontent.com/images/Z9rkIVNNNtcPbDVsxv2K9gI0fM.jpg?scale-down-to=1024&width=2000&height=1414,vanillasometh/images/Z9rkIVNNNtcPbDVsxv2K9gI0fM,image
https://framerusercontent.com/images/Z9rkIVNNNtcPbDVsxv2K9gI0fM.jpg?scale-down-to=512&amp;width=2000&amp;height=1414,vanillasometh/images/Z9rkIVNNNtcPbDVsxv2K9gI0fM,image
https://framerusercontent.com/images/Z9rkIVNNNtcPbDVsxv2K9gI0fM.jpg?scale-down-to=512&width=2000&height=1414,vanillasometh/images/Z9rkIVNNNtcPbDVsxv2K9gI0fM,image
https://framerusercontent.com/images/Z9rkIVNNNtcPbDVsxv2K9gI0fM.jpg?width=2000&amp;height=1414,vanillasometh/images/Z9rkIVNNNtcPbDVsxv2K9gI0fM,image
https://framerusercontent.com/images/Z9rkIVNNNtcPbDVsxv2K9gI0fM.jpg?width=2000&height=1414,vanillasometh/images/Z9rkIVNNNtcPbDVsxv2K9gI0fM,image
https://framerusercontent.com/images/ajLmeHHIgaReHnNGnMQBksLB54.jpg?scale-down-to=1024&amp;width=1734&amp;height=1080,vanillasometh/images/ajLmeHHIgaReHnNGnMQBksLB54,image
https://framerusercontent.com/images/ajLmeHHIgaReHnNGnMQBksLB54.jpg?scale-down-to=1024&width=1734&height=1080,vanillasometh/images/ajLmeHHIgaReHnNGnMQBksLB54,image
https://framerusercontent.com/images/ajLmeHHIgaReHnNGnMQBksLB54.jpg?scale-down-to=512&amp;width=1734&amp;height=1080,vanillasometh/images/ajLmeHHIgaReHnNGnMQBksLB54,image
https://framerusercontent.com/images/ajLmeHHIgaReHnNGnMQBksLB54.jpg?scale-down-to=512&width=1734&height=1080,vanillasometh/images/ajLmeHHIgaReHnNGnMQBksLB54,image
https://framerusercontent.com/images/ajLmeHHIgaReHnNGnMQBksLB54.jpg?width=1734&amp;height=1080,vanillasometh/images/ajLmeHHIgaReHnNGnMQBksLB54,image
https://framerusercontent.com/images/ajLmeHHIgaReHnNGnMQBksLB54.jpg?width=1734&height=1080,vanillasometh/images/ajLmeHHIgaReHnNGnMQBksLB54,image
https://framerusercontent.com/images/atHnzlC0bxos7mKbhByERKoYC0o.jpg?scale-down-to=1024&amp;width=2000&amp;height=1025,vanillasometh/images/atHnzlC0bxos7mKbhByERKoYC0o,image
https://framerusercontent.com/images/atHnzlC0bxos7mKbhByERKoYC0o.jpg?scale-down-to=1024&width=2000&height=1025,vanillasometh/images/atHnzlC0bxos7mKbhByERKoYC0o,image
https://framerusercontent.com/images/atHnzlC0bxos7mKbhByERKoYC0o.jpg?scale-down-to=512&amp;width=2000&amp;height=1025,vanillasometh/images/atHnzlC0bxos7mKbhByERKoYC0o,image
https://framerusercontent.com/images/atHnzlC0bxos7mKbhByERKoYC0o.jpg?scale-down-to=512&width=2000&height=1025,vanillasometh/images/atHnzlC0bxos7mKbhByERKoYC0o,image
https://framerusercontent.com/images/atHnzlC0bxos7mKbhByERKoYC0o.jpg?width=2000&amp;height=1025,vanillasometh/images/atHnzlC0bxos7mKbhByERKoYC0o,image
https://framerusercontent.com/images/atHnzlC0bxos7mKbhByERKoYC0o.jpg?width=2000&height=1025,vanillasometh/images/atHnzlC0bxos7mKbhByERKoYC0o,image
https://framerusercontent.com/images/bF7ob0x1sspumabt4BVqu64c9s.jpg?scale-down-to=512&width=735&height=490,vanillasometh/images/bF7ob0x1sspumabt4BVqu64c9s,image
https://framerusercontent.com/images/bF7ob0x1sspumabt4BVqu64c9s.jpg?width=735&height=490,vanillasometh/images/bF7ob0x1sspumabt4BVqu64c9s,image
https://framerusercontent.com/images/bcfon71FMIWCNU5c2r4ZZNBPD0.jpg?scale-down-to=1024&width=4000&height=2667,vanillasometh/images/bcfon71FMIWCNU5c2r4ZZNBPD0,image
https://framerusercontent.com/images/bcfon71FMIWCNU5c2r4ZZNBPD0.jpg?scale-down-to=2048&width=4000&height=2667,vanillasometh/images/bcfon71FMIWCNU5c2r4ZZNBPD0,image
https://framerusercontent.com/images/bcfon71FMIWCNU5c2r4ZZNBPD0.jpg?scale-down-to=512&width=4000&height=2667,vanillasometh/images/bcfon71FMIWCNU5c2r4ZZNBPD0,image
https://framerusercontent.com/images/bcfon71FMIWCNU5c2r4ZZNBPD0.jpg?width=4000&height=2667,vanillasometh/images/bcfon71FMIWCNU5c2r4ZZNBPD0,image
https://framerusercontent.com/images/bqseiXtoV5vO99RUi0xXuxLl2zM.png?scale-down-to=1024&amp;width=1536&amp;height=1024,vanillasometh/images/bqseiXtoV5vO99RUi0xXuxLl2zM,image
https://framerusercontent.com/images/bqseiXtoV5vO99RUi0xXuxLl2zM.png?scale-down-to=1024&width=1536&height=1024,vanillasometh/images/bqseiXtoV5vO99RUi0xXuxLl2zM,image
https://framerusercontent.com/images/bqseiXtoV5vO99RUi0xXuxLl2zM.png?scale-down-to=512&amp;width=1536&amp;height=1024,vanillasometh/images/bqseiXtoV5vO99RUi0xXuxLl2zM,image
https://framerusercontent.com/images/bqseiXtoV5vO99RUi0xXuxLl2zM.png?scale-down-to=512&width=1536&height=1024,vanillasometh/images/bqseiXtoV5vO99RUi0xXuxLl2zM,image
https://framerusercontent.com/images/bqseiXtoV5vO99RUi0xXuxLl2zM.png?width=1536&amp;height=1024,vanillasometh/images/bqseiXtoV5vO99RUi0xXuxLl2zM,image
https://framerusercontent.com/images/bqseiXtoV5vO99RUi0xXuxLl2zM.png?width=1536&height=1024,vanillasometh/images/bqseiXtoV5vO99RUi0xXuxLl2zM,image
https://framerusercontent.com/images/c4934FFgGXFqSwtIcQbEoDMW5hU.jpg?scale-down-to=1024&amp;width=1920&amp;height=898,vanillasometh/images/c4934FFgGXFqSwtIcQbEoDMW5hU,image
https://framerusercontent.com/images/c4934FFgGXFqSwtIcQbEoDMW5hU.jpg?scale-down-to=1024&width=1920&height=898,vanillasometh/images/c4934FFgGXFqSwtIcQbEoDMW5hU,image
https://framerusercontent.com/images/c4934FFgGXFqSwtIcQbEoDMW5hU.jpg?scale-down-to=512&amp;width=1920&amp;height=898,vanillasometh/images/c4934FFgGXFqSwtIcQbEoDMW5hU,image
https://framerusercontent.com/images/c4934FFgGXFqSwtIcQbEoDMW5hU.jpg?scale-down-to=512&width=1920&height=898,vanillasometh/images/c4934FFgGXFqSwtIcQbEoDMW5hU,image
https://framerusercontent.com/images/c4934FFgGXFqSwtIcQbEoDMW5hU.jpg?width=1920&amp;height=898,vanillasometh/images/c4934FFgGXFqSwtIcQbEoDMW5hU,image
https://framerusercontent.com/images/c4934FFgGXFqSwtIcQbEoDMW5hU.jpg?width=1920&height=898,vanillasometh/images/c4934FFgGXFqSwtIcQbEoDMW5hU,image
https://framerusercontent.com/images/cIivHF6ezxEfBwl6wNCLjeInVc.jpg?scale-down-to=1024&amp;width=1920&amp;height=954,vanillasometh/images/cIivHF6ezxEfBwl6wNCLjeInVc,image
https://framerusercontent.com/images/cIivHF6ezxEfBwl6wNCLjeInVc.jpg?scale-down-to=1024&width=1920&height=954,vanillasometh/images/cIivHF6ezxEfBwl6wNCLjeInVc,image
https://framerusercontent.com/images/cIivHF6ezxEfBwl6wNCLjeInVc.jpg?scale-down-to=512&amp;width=1920&amp;height=954,vanillasometh/images/cIivHF6ezxEfBwl6wNCLjeInVc,image
https://framerusercontent.com/images/cIivHF6ezxEfBwl6wNCLjeInVc.jpg?scale-down-to=512&width=1920&height=954,vanillasometh/images/cIivHF6ezxEfBwl6wNCLjeInVc,image
https://framerusercontent.com/images/cIivHF6ezxEfBwl6wNCLjeInVc.jpg?width=1920&amp;height=954,vanillasometh/images/cIivHF6ezxEfBwl6wNCLjeInVc,image
https://framerusercontent.com/images/cIivHF6ezxEfBwl6wNCLjeInVc.jpg?width=1920&height=954,vanillasometh/images/cIivHF6ezxEfBwl6wNCLjeInVc,image
https://framerusercontent.com/images/e2biyA1qvcSNZOLzSlE3uCd3R5o.jpg?scale-down-to=512&width=735&height=490,vanillasometh/images/e2biyA1qvcSNZOLzSlE3uCd3R5o,image
https://framerusercontent.com/images/e2biyA1qvcSNZOLzSlE3uCd3R5o.jpg?width=735&height=490,vanillasometh/images/e2biyA1qvcSNZOLzSlE3uCd3R5o,image
https://framerusercontent.com/images/eM2yaKWa34vYC9CYOenuc5Tvmvw.jpg?scale-down-to=1024&amp;width=2066&amp;height=1950,vanillasometh/images/eM2yaKWa34vYC9CYOenuc5Tvmvw,image
https://framerusercontent.com/images/eM2yaKWa34vYC9CYOenuc5Tvmvw.jpg?scale-down-to=1024&width=2066&height=1950,vanillasometh/images/eM2yaKWa34vYC9CYOenuc5Tvmvw,image
https://framerusercontent.com/images/eM2yaKWa34vYC9CYOenuc5Tvmvw.jpg?scale-down-to=2048&amp;width=2066&amp;height=1950,vanillasometh/images/eM2yaKWa34vYC9CYOenuc5Tvmvw,image
https://framerusercontent.com/images/eM2yaKWa34vYC9CYOenuc5Tvmvw.jpg?scale-down-to=2048&width=2066&height=1950,vanillasometh/images/eM2yaKWa34vYC9CYOenuc5Tvmvw,image
https://framerusercontent.com/images/eM2yaKWa34vYC9CYOenuc5Tvmvw.jpg?scale-down-to=512&amp;width=2066&amp;height=1950,vanillasometh/images/eM2yaKWa34vYC9CYOenuc5Tvmvw,image
https://framerusercontent.com/images/eM2yaKWa34vYC9CYOenuc5Tvmvw.jpg?scale-down-to=512&width=2066&height=1950,vanillasometh/images/eM2yaKWa34vYC9CYOenuc5Tvmvw,image
https://framerusercontent.com/images/eM2yaKWa34vYC9CYOenuc5Tvmvw.jpg?width=2066&amp;height=1950,vanillasometh/images/eM2yaKWa34vYC9CYOenuc5Tvmvw,image
https://framerusercontent.com/images/eM2yaKWa34vYC9CYOenuc5Tvmvw.jpg?width=2066&height=1950,vanillasometh/images/eM2yaKWa34vYC9CYOenuc5Tvmvw,image
https://framerusercontent.com/images/eOw5Aa9PXDSBTKrT9kF5vEaVsQ.jpg?scale-down-to=1024&width=3471&height=5207,vanillasometh/images/eOw5Aa9PXDSBTKrT9kF5vEaVsQ,image
https://framerusercontent.com/images/eOw5Aa9PXDSBTKrT9kF5vEaVsQ.jpg?scale-down-to=2048&width=3471&height=5207,vanillasometh/images/eOw5Aa9PXDSBTKrT9kF5vEaVsQ,image
https://framerusercontent.com/images/eOw5Aa9PXDSBTKrT9kF5vEaVsQ.jpg?scale-down-to=4096&width=3471&height=5207,vanillasometh/images/eOw5Aa9PXDSBTKrT9kF5vEaVsQ,image
https://framerusercontent.com/images/eOw5Aa9PXDSBTKrT9kF5vEaVsQ.jpg?width=3471&height=5207,vanillasometh/images/eOw5Aa9PXDSBTKrT9kF5vEaVsQ,image
https://framerusercontent.com/images/fmDMsww9kNQtwrweYpGqgMtmkjk.jpg?scale-down-to=1024&width=1280&height=1881,vanillasometh/images/fmDMsww9kNQtwrweYpGqgMtmkjk,image
https://framerusercontent.com/images/fmDMsww9kNQtwrweYpGqgMtmkjk.jpg?width=1280&height=1881,vanillasometh/images/fmDMsww9kNQtwrweYpGqgMtmkjk,image
https://framerusercontent.com/images/gBCpiCPhIckhZm794KK4tjeOH4.jpg?scale-down-to=1024&amp;width=1920&amp;height=1080,vanillasometh/images/gBCpiCPhIckhZm794KK4tjeOH4,image
https://framerusercontent.com/images/gBCpiCPhIckhZm794KK4tjeOH4.jpg?scale-down-to=1024&width=1920&height=1080,vanillasometh/images/gBCpiCPhIckhZm794KK4tjeOH4,image
https://framerusercontent.com/images/gBCpiCPhIckhZm794KK4tjeOH4.jpg?scale-down-to=512&amp;width=1920&amp;height=1080,vanillasometh/images/gBCpiCPhIckhZm794KK4tjeOH4,image
https://framerusercontent.com/images/gBCpiCPhIckhZm794KK4tjeOH4.jpg?scale-down-to=512&width=1920&height=1080,vanillasometh/images/gBCpiCPhIckhZm794KK4tjeOH4,image
https://framerusercontent.com/images/gBCpiCPhIckhZm794KK4tjeOH4.jpg?width=1920&amp;height=1080,vanillasometh/images/gBCpiCPhIckhZm794KK4tjeOH4,image
https://framerusercontent.com/images/gBCpiCPhIckhZm794KK4tjeOH4.jpg?width=1920&height=1080,vanillasometh/images/gBCpiCPhIckhZm794KK4tjeOH4,image
https://framerusercontent.com/images/hKA4Z18JQ2RJ7LsNYEKi9ejfeo.png?scale-down-to=1024&amp;width=864&amp;height=1216,vanillasometh/images/hKA4Z18JQ2RJ7LsNYEKi9ejfeo,image
https://framerusercontent.com/images/hKA4Z18JQ2RJ7LsNYEKi9ejfeo.png?scale-down-to=1024&width=864&height=1216,vanillasometh/images/hKA4Z18JQ2RJ7LsNYEKi9ejfeo,image
https://framerusercontent.com/images/hKA4Z18JQ2RJ7LsNYEKi9ejfeo.png?width=864&amp;height=1216,vanillasometh/images/hKA4Z18JQ2RJ7LsNYEKi9ejfeo,image
https://framerusercontent.com/images/hKA4Z18JQ2RJ7LsNYEKi9ejfeo.png?width=864&height=1216,vanillasometh/images/hKA4Z18JQ2RJ7LsNYEKi9ejfeo,image
https://framerusercontent.com/images/hl1XIm3d2J9GHAkftI2c3cxmK3M.jpg?width=736&height=920,vanillasometh/images/hl1XIm3d2J9GHAkftI2c3cxmK3M,image
https://framerusercontent.com/images/iGACg6EJ6JWKeROxDsUB60pUqt8.jpg?scale-down-to=1024&amp;width=2000&amp;height=1414,vanillasometh/images/iGACg6EJ6JWKeROxDsUB60pUqt8,image
https://framerusercontent.com/images/iGACg6EJ6JWKeROxDsUB60pUqt8.jpg?scale-down-to=1024&width=2000&height=1414,vanillasometh/images/iGACg6EJ6JWKeROxDsUB60pUqt8,image
https://framerusercontent.com/images/iGACg6EJ6JWKeROxDsUB60pUqt8.jpg?scale-down-to=512&amp;width=2000&amp;height=1414,vanillasometh/images/iGACg6EJ6JWKeROxDsUB60pUqt8,image
https://framerusercontent.com/images/iGACg6EJ6JWKeROxDsUB60pUqt8.jpg?scale-down-to=512&width=2000&height=1414,vanillasometh/images/iGACg6EJ6JWKeROxDsUB60pUqt8,image
https://framerusercontent.com/images/iGACg6EJ6JWKeROxDsUB60pUqt8.jpg?width=2000&amp;height=1414,vanillasometh/images/iGACg6EJ6JWKeROxDsUB60pUqt8,image
https://framerusercontent.com/images/iGACg6EJ6JWKeROxDsUB60pUqt8.jpg?width=2000&height=1414,vanillasometh/images/iGACg6EJ6JWKeROxDsUB60pUqt8,image
https://framerusercontent.com/images/iUkqsW2WCTrXq8ejUUyChYo4A.jpg?scale-down-to=1024&amp;width=3000&amp;height=1481,vanillasometh/images/iUkqsW2WCTrXq8ejUUyChYo4A,image
https://framerusercontent.com/images/iUkqsW2WCTrXq8ejUUyChYo4A.jpg?scale-down-to=1024&width=3000&height=1481,vanillasometh/images/iUkqsW2WCTrXq8ejUUyChYo4A,image
https://framerusercontent.com/images/iUkqsW2WCTrXq8ejUUyChYo4A.jpg?scale-down-to=2048&amp;width=3000&amp;height=1481,vanillasometh/images/iUkqsW2WCTrXq8ejUUyChYo4A,image
https://framerusercontent.com/images/iUkqsW2WCTrXq8ejUUyChYo4A.jpg?scale-down-to=2048&width=3000&height=1481,vanillasometh/images/iUkqsW2WCTrXq8ejUUyChYo4A,image
https://framerusercontent.com/images/iUkqsW2WCTrXq8ejUUyChYo4A.jpg?scale-down-to=512&amp;width=3000&amp;height=1481,vanillasometh/images/iUkqsW2WCTrXq8ejUUyChYo4A,image
https://framerusercontent.com/images/iUkqsW2WCTrXq8ejUUyChYo4A.jpg?scale-down-to=512&width=3000&height=1481,vanillasometh/images/iUkqsW2WCTrXq8ejUUyChYo4A,image
https://framerusercontent.com/images/iUkqsW2WCTrXq8ejUUyChYo4A.jpg?width=3000&amp;height=1481,vanillasometh/images/iUkqsW2WCTrXq8ejUUyChYo4A,image
https://framerusercontent.com/images/iUkqsW2WCTrXq8ejUUyChYo4A.jpg?width=3000&height=1481,vanillasometh/images/iUkqsW2WCTrXq8ejUUyChYo4A,image
https://framerusercontent.com/images/jbYteP2ZwXkelGgPTHqRXLK1nY.jpg?scale-down-to=1024&amp;width=1920&amp;height=1080,vanillasometh/images/jbYteP2ZwXkelGgPTHqRXLK1nY,image
https://framerusercontent.com/images/jbYteP2ZwXkelGgPTHqRXLK1nY.jpg?scale-down-to=1024&width=1920&height=1080,vanillasometh/images/jbYteP2ZwXkelGgPTHqRXLK1nY,image
https://framerusercontent.com/images/jbYteP2ZwXkelGgPTHqRXLK1nY.jpg?scale-down-to=512&amp;width=1920&amp;height=1080,vanillasometh/images/jbYteP2ZwXkelGgPTHqRXLK1nY,image
https://framerusercontent.com/images/jbYteP2ZwXkelGgPTHqRXLK1nY.jpg?scale-down-to=512&width=1920&height=1080,vanillasometh/images/jbYteP2ZwXkelGgPTHqRXLK1nY,image
https://framerusercontent.com/images/jbYteP2ZwXkelGgPTHqRXLK1nY.jpg?width=1920&amp;height=1080,vanillasometh/images/jbYteP2ZwXkelGgPTHqRXLK1nY,image
https://framerusercontent.com/images/jbYteP2ZwXkelGgPTHqRXLK1nY.jpg?width=1920&height=1080,vanillasometh/images/jbYteP2ZwXkelGgPTHqRXLK1nY,image
https://framerusercontent.com/images/ju0gSS3ymm8N5DMB9UWKr52GHzs.png?scale-down-to=512&amp;width=864&amp;height=507,vanillasometh/images/ju0gSS3ymm8N5DMB9UWKr52GHzs,image
https://framerusercontent.com/images/ju0gSS3ymm8N5DMB9UWKr52GHzs.png?scale-down-to=512&width=864&height=507,vanillasometh/images/ju0gSS3ymm8N5DMB9UWKr52GHzs,image
https://framerusercontent.com/images/ju0gSS3ymm8N5DMB9UWKr52GHzs.png?width=864&amp;height=507,vanillasometh/images/ju0gSS3ymm8N5DMB9UWKr52GHzs,image
https://framerusercontent.com/images/ju0gSS3ymm8N5DMB9UWKr52GHzs.png?width=864&height=507,vanillasometh/images/ju0gSS3ymm8N5DMB9UWKr52GHzs,image
https://framerusercontent.com/images/jw85YSw5e6Qak1GF4FcQ3hMyv0.webp?scale-down-to=1024&amp;width=8192&amp;height=4608,vanillasometh/images/jw85YSw5e6Qak1GF4FcQ3hMyv0,image
https://framerusercontent.com/images/jw85YSw5e6Qak1GF4FcQ3hMyv0.webp?scale-down-to=1024&width=8192&height=4608,vanillasometh/images/jw85YSw5e6Qak1GF4FcQ3hMyv0,image
https://framerusercontent.com/images/jw85YSw5e6Qak1GF4FcQ3hMyv0.webp?scale-down-to=2048&amp;width=8192&amp;height=4608,vanillasometh/images/jw85YSw5e6Qak1GF4FcQ3hMyv0,image
https://framerusercontent.com/images/jw85YSw5e6Qak1GF4FcQ3hMyv0.webp?scale-down-to=2048&width=8192&height=4608,vanillasometh/images/jw85YSw5e6Qak1GF4FcQ3hMyv0,image
https://framerusercontent.com/images/jw85YSw5e6Qak1GF4FcQ3hMyv0.webp?scale-down-to=4096&amp;width=8192&amp;height=4608,vanillasometh/images/jw85YSw5e6Qak1GF4FcQ3hMyv0,image
https://framerusercontent.com/images/jw85YSw5e6Qak1GF4FcQ3hMyv0.webp?scale-down-to=4096&width=8192&height=4608,vanillasometh/images/jw85YSw5e6Qak1GF4FcQ3hMyv0,image
https://framerusercontent.com/images/jw85YSw5e6Qak1GF4FcQ3hMyv0.webp?scale-down-to=512&amp;width=8192&amp;height=4608,vanillasometh/images/jw85YSw5e6Qak1GF4FcQ3hMyv0,image
https://framerusercontent.com/images/jw85YSw5e6Qak1GF4FcQ3hMyv0.webp?scale-down-to=512&width=8192&height=4608,vanillasometh/images/jw85YSw5e6Qak1GF4FcQ3hMyv0,image
https://framerusercontent.com/images/jw85YSw5e6Qak1GF4FcQ3hMyv0.webp?width=8192&amp;height=4608,vanillasometh/images/jw85YSw5e6Qak1GF4FcQ3hMyv0,image
https://framerusercontent.com/images/jw85YSw5e6Qak1GF4FcQ3hMyv0.webp?width=8192&height=4608,vanillasometh/images/jw85YSw5e6Qak1GF4FcQ3hMyv0,image
https://framerusercontent.com/images/k0hCBBFPRnK09hkFkjqs5C3fI.jpg?scale-down-to=512&width=736&height=736,vanillasometh/images/k0hCBBFPRnK09hkFkjqs5C3fI,image
https://framerusercontent.com/images/k0hCBBFPRnK09hkFkjqs5C3fI.jpg?width=736&height=736,vanillasometh/images/k0hCBBFPRnK09hkFkjqs5C3fI,image
https://framerusercontent.com/images/kAR7UAXCXoCdvDiCUr6Z1ndrMXc.png?scale-down-to=1024&amp;width=1920&amp;height=1072,vanillasometh/images/kAR7UAXCXoCdvDiCUr6Z1ndrMXc,image
https://framerusercontent.com/images/kAR7UAXCXoCdvDiCUr6Z1ndrMXc.png?scale-down-to=1024&width=1920&height=1072,vanillasometh/images/kAR7UAXCXoCdvDiCUr6Z1ndrMXc,image
https://framerusercontent.com/images/kAR7UAXCXoCdvDiCUr6Z1ndrMXc.png?scale-down-to=512&amp;width=1920&amp;height=1072,vanillasometh/images/kAR7UAXCXoCdvDiCUr6Z1ndrMXc,image
https://framerusercontent.com/images/kAR7UAXCXoCdvDiCUr6Z1ndrMXc.png?scale-down-to=512&width=1920&height=1072,vanillasometh/images/kAR7UAXCXoCdvDiCUr6Z1ndrMXc,image
https://framerusercontent.com/images/kAR7UAXCXoCdvDiCUr6Z1ndrMXc.png?width=1920&amp;height=1072,vanillasometh/images/kAR7UAXCXoCdvDiCUr6Z1ndrMXc,image
https://framerusercontent.com/images/kAR7UAXCXoCdvDiCUr6Z1ndrMXc.png?width=1920&height=1072,vanillasometh/images/kAR7UAXCXoCdvDiCUr6Z1ndrMXc,image
https://framerusercontent.com/images/kFo9eSEyWADn89SkmrIzlymkkfA.jpg?scale-down-to=512&amp;width=1024&amp;height=683,vanillasometh/images/kFo9eSEyWADn89SkmrIzlymkkfA,image
https://framerusercontent.com/images/kFo9eSEyWADn89SkmrIzlymkkfA.jpg?scale-down-to=512&width=1024&height=683,vanillasometh/images/kFo9eSEyWADn89SkmrIzlymkkfA,image
https://framerusercontent.com/images/kFo9eSEyWADn89SkmrIzlymkkfA.jpg?width=1024&amp;height=683,vanillasometh/images/kFo9eSEyWADn89SkmrIzlymkkfA,image
https://framerusercontent.com/images/kFo9eSEyWADn89SkmrIzlymkkfA.jpg?width=1024&height=683,vanillasometh/images/kFo9eSEyWADn89SkmrIzlymkkfA,image
https://framerusercontent.com/images/mDA5afkajMkfWC3VxtPRlD8l4k.jpg?width=640&height=810,vanillasometh/images/mDA5afkajMkfWC3VxtPRlD8l4k,image
https://framerusercontent.com/images/moM8ZORfvrX2YbDz00S2V55jZk0.jpg?scale-down-to=1024&width=3890&height=5847,vanillasometh/images/moM8ZORfvrX2YbDz00S2V55jZk0,image
https://framerusercontent.com/images/moM8ZORfvrX2YbDz00S2V55jZk0.jpg?scale-down-to=2048&width=3890&height=5847,vanillasometh/images/moM8ZORfvrX2YbDz00S2V55jZk0,image
https://framerusercontent.com/images/moM8ZORfvrX2YbDz00S2V55jZk0.jpg?scale-down-to=4096&width=3890&height=5847,vanillasometh/images/moM8ZORfvrX2YbDz00S2V55jZk0,image
https://framerusercontent.com/images/moM8ZORfvrX2YbDz00S2V55jZk0.jpg?width=3890&height=5847,vanillasometh/images/moM8ZORfvrX2YbDz00S2V55jZk0,image
https://framerusercontent.com/images/n9HkcPhpEOJmjw4g2wMA3qZbvK0.jpg?scale-down-to=1024&amp;width=1920&amp;height=1080,vanillasometh/images/n9HkcPhpEOJmjw4g2wMA3qZbvK0,image
https://framerusercontent.com/images/n9HkcPhpEOJmjw4g2wMA3qZbvK0.jpg?scale-down-to=1024&width=1920&height=1080,vanillasometh/images/n9HkcPhpEOJmjw4g2wMA3qZbvK0,image
https://framerusercontent.com/images/n9HkcPhpEOJmjw4g2wMA3qZbvK0.jpg?scale-down-to=512&amp;width=1920&amp;height=1080,vanillasometh/images/n9HkcPhpEOJmjw4g2wMA3qZbvK0,image
https://framerusercontent.com/images/n9HkcPhpEOJmjw4g2wMA3qZbvK0.jpg?scale-down-to=512&width=1920&height=1080,vanillasometh/images/n9HkcPhpEOJmjw4g2wMA3qZbvK0,image
https://framerusercontent.com/images/n9HkcPhpEOJmjw4g2wMA3qZbvK0.jpg?width=1920&amp;height=1080,vanillasometh/images/n9HkcPhpEOJmjw4g2wMA3qZbvK0,image
https://framerusercontent.com/images/n9HkcPhpEOJmjw4g2wMA3qZbvK0.jpg?width=1920&height=1080,vanillasometh/images/n9HkcPhpEOJmjw4g2wMA3qZbvK0,image
https://framerusercontent.com/images/nKl7JdgRPbWKMTQh6mVxOacp4.jpg?scale-down-to=1024&amp;width=1028&amp;height=1080,vanillasometh/images/nKl7JdgRPbWKMTQh6mVxOacp4,image
https://framerusercontent.com/images/nKl7JdgRPbWKMTQh6mVxOacp4.jpg?scale-down-to=1024&width=1028&height=1080,vanillasometh/images/nKl7JdgRPbWKMTQh6mVxOacp4,image
https://framerusercontent.com/images/nKl7JdgRPbWKMTQh6mVxOacp4.jpg?width=1028&amp;height=1080,vanillasometh/images/nKl7JdgRPbWKMTQh6mVxOacp4,image
https://framerusercontent.com/images/nKl7JdgRPbWKMTQh6mVxOacp4.jpg?width=1028&height=1080,vanillasometh/images/nKl7JdgRPbWKMTQh6mVxOacp4,image
https://framerusercontent.com/images/nZ2fFpcM7pDQkOY419ktXhcLbPU.jpg?width=702&height=740,vanillasometh/images/nZ2fFpcM7pDQkOY419ktXhcLbPU,image
https://framerusercontent.com/images/o3gmJ2YSEg2cCrqtvEIlwv5AY.jpg?scale-down-to=512&width=1024&height=1024,vanillasometh/images/o3gmJ2YSEg2cCrqtvEIlwv5AY,image
https://framerusercontent.com/images/o3gmJ2YSEg2cCrqtvEIlwv5AY.jpg?width=1024&height=1024,vanillasometh/images/o3gmJ2YSEg2cCrqtvEIlwv5AY,image
https://framerusercontent.com/images/oOgqrwl6b9KzDzwvQVDCzrzBd2Q.png?scale-down-to=1024&amp;width=3840&amp;height=1675,vanillasometh/images/oOgqrwl6b9KzDzwvQVDCzrzBd2Q,image
https://framerusercontent.com/images/oOgqrwl6b9KzDzwvQVDCzrzBd2Q.png?scale-down-to=1024&width=3840&height=1675,vanillasometh/images/oOgqrwl6b9KzDzwvQVDCzrzBd2Q,image
https://framerusercontent.com/images/oOgqrwl6b9KzDzwvQVDCzrzBd2Q.png?scale-down-to=2048&amp;width=3840&amp;height=1675,vanillasometh/images/oOgqrwl6b9KzDzwvQVDCzrzBd2Q,image
https://framerusercontent.com/images/oOgqrwl6b9KzDzwvQVDCzrzBd2Q.png?scale-down-to=2048&width=3840&height=1675,vanillasometh/images/oOgqrwl6b9KzDzwvQVDCzrzBd2Q,image
https://framerusercontent.com/images/oOgqrwl6b9KzDzwvQVDCzrzBd2Q.png?scale-down-to=512&amp;width=3840&amp;height=1675,vanillasometh/images/oOgqrwl6b9KzDzwvQVDCzrzBd2Q,image
https://framerusercontent.com/images/oOgqrwl6b9KzDzwvQVDCzrzBd2Q.png?scale-down-to=512&width=3840&height=1675,vanillasometh/images/oOgqrwl6b9KzDzwvQVDCzrzBd2Q,image
https://framerusercontent.com/images/oOgqrwl6b9KzDzwvQVDCzrzBd2Q.png?width=3840&amp;height=1675,vanillasometh/images/oOgqrwl6b9KzDzwvQVDCzrzBd2Q,image
https://framerusercontent.com/images/oOgqrwl6b9KzDzwvQVDCzrzBd2Q.png?width=3840&height=1675,vanillasometh/images/oOgqrwl6b9KzDzwvQVDCzrzBd2Q,image
https://framerusercontent.com/images/p2HafXrbkrzZWGuRNvQwiKefJ7s.png?scale-down-to=1024&amp;width=1920&amp;height=1080,vanillasometh/images/p2HafXrbkrzZWGuRNvQwiKefJ7s,image
https://framerusercontent.com/images/p2HafXrbkrzZWGuRNvQwiKefJ7s.png?scale-down-to=1024&width=1920&height=1080,vanillasometh/images/p2HafXrbkrzZWGuRNvQwiKefJ7s,image
https://framerusercontent.com/images/p2HafXrbkrzZWGuRNvQwiKefJ7s.png?scale-down-to=512&amp;width=1920&amp;height=1080,vanillasometh/images/p2HafXrbkrzZWGuRNvQwiKefJ7s,image
https://framerusercontent.com/images/p2HafXrbkrzZWGuRNvQwiKefJ7s.png?scale-down-to=512&width=1920&height=1080,vanillasometh/images/p2HafXrbkrzZWGuRNvQwiKefJ7s,image
https://framerusercontent.com/images/p2HafXrbkrzZWGuRNvQwiKefJ7s.png?width=1920&amp;height=1080,vanillasometh/images/p2HafXrbkrzZWGuRNvQwiKefJ7s,image
https://framerusercontent.com/images/p2HafXrbkrzZWGuRNvQwiKefJ7s.png?width=1920&height=1080,vanillasometh/images/p2HafXrbkrzZWGuRNvQwiKefJ7s,image
https://framerusercontent.com/images/qYD4mix22Q0G4kt8nIZOPRr2kC4.jpg?scale-down-to=1024&amp;width=1920&amp;height=1080,vanillasometh/images/qYD4mix22Q0G4kt8nIZOPRr2kC4,image
https://framerusercontent.com/images/qYD4mix22Q0G4kt8nIZOPRr2kC4.jpg?scale-down-to=1024&width=1920&height=1080,vanillasometh/images/qYD4mix22Q0G4kt8nIZOPRr2kC4,image
https://framerusercontent.com/images/qYD4mix22Q0G4kt8nIZOPRr2kC4.jpg?scale-down-to=512&amp;width=1920&amp;height=1080,vanillasometh/images/qYD4mix22Q0G4kt8nIZOPRr2kC4,image
https://framerusercontent.com/images/qYD4mix22Q0G4kt8nIZOPRr2kC4.jpg?scale-down-to=512&width=1920&height=1080,vanillasometh/images/qYD4mix22Q0G4kt8nIZOPRr2kC4,image
https://framerusercontent.com/images/qYD4mix22Q0G4kt8nIZOPRr2kC4.jpg?width=1920&amp;height=1080,vanillasometh/images/qYD4mix22Q0G4kt8nIZOPRr2kC4,image
https://framerusercontent.com/images/qYD4mix22Q0G4kt8nIZOPRr2kC4.jpg?width=1920&height=1080,vanillasometh/images/qYD4mix22Q0G4kt8nIZOPRr2kC4,image
https://framerusercontent.com/images/rA8S4sb1zoNDZNlTMA952nOGcA.jpg?scale-down-to=1024&amp;width=1920&amp;height=883,vanillasometh/images/rA8S4sb1zoNDZNlTMA952nOGcA,image
https://framerusercontent.com/images/rA8S4sb1zoNDZNlTMA952nOGcA.jpg?scale-down-to=1024&width=1920&height=883,vanillasometh/images/rA8S4sb1zoNDZNlTMA952nOGcA,image
https://framerusercontent.com/images/rA8S4sb1zoNDZNlTMA952nOGcA.jpg?scale-down-to=512&amp;width=1920&amp;height=883,vanillasometh/images/rA8S4sb1zoNDZNlTMA952nOGcA,image
https://framerusercontent.com/images/rA8S4sb1zoNDZNlTMA952nOGcA.jpg?scale-down-to=512&width=1920&height=883,vanillasometh/images/rA8S4sb1zoNDZNlTMA952nOGcA,image
https://framerusercontent.com/images/rA8S4sb1zoNDZNlTMA952nOGcA.jpg?width=1920&amp;height=883,vanillasometh/images/rA8S4sb1zoNDZNlTMA952nOGcA,image
https://framerusercontent.com/images/rA8S4sb1zoNDZNlTMA952nOGcA.jpg?width=1920&height=883,vanillasometh/images/rA8S4sb1zoNDZNlTMA952nOGcA,image
https://framerusercontent.com/images/rlS8jtmOT3o76Xg58FjMSRJX8.png?scale-down-to=1024&amp;width=1536&amp;height=1024,vanillasometh/images/rlS8jtmOT3o76Xg58FjMSRJX8,image
https://framerusercontent.com/images/rlS8jtmOT3o76Xg58FjMSRJX8.png?scale-down-to=1024&width=1536&height=1024,vanillasometh/images/rlS8jtmOT3o76Xg58FjMSRJX8,image
https://framerusercontent.com/images/rlS8jtmOT3o76Xg58FjMSRJX8.png?scale-down-to=512&amp;width=1536&amp;height=1024,vanillasometh/images/rlS8jtmOT3o76Xg58FjMSRJX8,image
https://framerusercontent.com/images/rlS8jtmOT3o76Xg58FjMSRJX8.png?scale-down-to=512&width=1536&height=1024,vanillasometh/images/rlS8jtmOT3o76Xg58FjMSRJX8,image
https://framerusercontent.com/images/rlS8jtmOT3o76Xg58FjMSRJX8.png?width=1536&amp;height=1024,vanillasometh/images/rlS8jtmOT3o76Xg58FjMSRJX8,image
https://framerusercontent.com/images/rlS8jtmOT3o76Xg58FjMSRJX8.png?width=1536&height=1024,vanillasometh/images/rlS8jtmOT3o76Xg58FjMSRJX8,image
https://framerusercontent.com/images/rt1HPkJWK9j3gt5GBhACT2YMJ4.jpg?scale-down-to=1024&amp;width=1920&amp;height=1080,vanillasometh/images/rt1HPkJWK9j3gt5GBhACT2YMJ4,image
https://framerusercontent.com/images/rt1HPkJWK9j3gt5GBhACT2YMJ4.jpg?scale-down-to=1024&width=1920&height=1080,vanillasometh/images/rt1HPkJWK9j3gt5GBhACT2YMJ4,image
https://framerusercontent.com/images/rt1HPkJWK9j3gt5GBhACT2YMJ4.jpg?scale-down-to=512&amp;width=1920&amp;height=1080,vanillasometh/images/rt1HPkJWK9j3gt5GBhACT2YMJ4,image
https://framerusercontent.com/images/rt1HPkJWK9j3gt5GBhACT2YMJ4.jpg?scale-down-to=512&width=1920&height=1080,vanillasometh/images/rt1HPkJWK9j3gt5GBhACT2YMJ4,image
https://framerusercontent.com/images/rt1HPkJWK9j3gt5GBhACT2YMJ4.jpg?width=1920&amp;height=1080,vanillasometh/images/rt1HPkJWK9j3gt5GBhACT2YMJ4,image
https://framerusercontent.com/images/rt1HPkJWK9j3gt5GBhACT2YMJ4.jpg?width=1920&height=1080,vanillasometh/images/rt1HPkJWK9j3gt5GBhACT2YMJ4,image
https://framerusercontent.com/images/sctkfyNgRDwuXAplJu6I3NRpg.jpg?scale-down-to=1024&amp;width=3000&amp;height=1986,vanillasometh/images/sctkfyNgRDwuXAplJu6I3NRpg,image
https://framerusercontent.com/images/sctkfyNgRDwuXAplJu6I3NRpg.jpg?scale-down-to=1024&width=3000&height=1986,vanillasometh/images/sctkfyNgRDwuXAplJu6I3NRpg,image
https://framerusercontent.com/images/sctkfyNgRDwuXAplJu6I3NRpg.jpg?scale-down-to=2048&amp;width=3000&amp;height=1986,vanillasometh/images/sctkfyNgRDwuXAplJu6I3NRpg,image
https://framerusercontent.com/images/sctkfyNgRDwuXAplJu6I3NRpg.jpg?scale-down-to=2048&width=3000&height=1986,vanillasometh/images/sctkfyNgRDwuXAplJu6I3NRpg,image
https://framerusercontent.com/images/sctkfyNgRDwuXAplJu6I3NRpg.jpg?scale-down-to=512&amp;width=3000&amp;height=1986,vanillasometh/images/sctkfyNgRDwuXAplJu6I3NRpg,image
https://framerusercontent.com/images/sctkfyNgRDwuXAplJu6I3NRpg.jpg?scale-down-to=512&width=3000&height=1986,vanillasometh/images/sctkfyNgRDwuXAplJu6I3NRpg,image
https://framerusercontent.com/images/sctkfyNgRDwuXAplJu6I3NRpg.jpg?width=3000&amp;height=1986,vanillasometh/images/sctkfyNgRDwuXAplJu6I3NRpg,image
https://framerusercontent.com/images/sctkfyNgRDwuXAplJu6I3NRpg.jpg?width=3000&height=1986,vanillasometh/images/sctkfyNgRDwuXAplJu6I3NRpg,image
https://framerusercontent.com/images/sjMxowwS5lIcQ4LZpFAsLUkl7w.jpg?scale-down-to=512&amp;width=1024&amp;height=683,vanillasometh/images/sjMxowwS5lIcQ4LZpFAsLUkl7w,image
https://framerusercontent.com/images/sjMxowwS5lIcQ4LZpFAsLUkl7w.jpg?scale-down-to=512&width=1024&height=683,vanillasometh/images/sjMxowwS5lIcQ4LZpFAsLUkl7w,image
https://framerusercontent.com/images/sjMxowwS5lIcQ4LZpFAsLUkl7w.jpg?width=1024&amp;height=683,vanillasometh/images/sjMxowwS5lIcQ4LZpFAsLUkl7w,image
https://framerusercontent.com/images/sjMxowwS5lIcQ4LZpFAsLUkl7w.jpg?width=1024&height=683,vanillasometh/images/sjMxowwS5lIcQ4LZpFAsLUkl7w,image
https://framerusercontent.com/images/svAdkzwSIdZBKlX2FU2KaSpdxwI.jpg?width=736&height=749,vanillasometh/images/svAdkzwSIdZBKlX2FU2KaSpdxwI,image
https://framerusercontent.com/images/tLaknqpef3ODAsX2CXrPqvGXYI.png?width=192&height=193,vanillasometh/images/tLaknqpef3ODAsX2CXrPqvGXYI,image
https://framerusercontent.com/images/tcgIPLIIkHeRNakg6rspHL5iw0.jpg?scale-down-to=1024&amp;width=1080&amp;height=1920,vanillasometh/images/tcgIPLIIkHeRNakg6rspHL5iw0,image
https://framerusercontent.com/images/tcgIPLIIkHeRNakg6rspHL5iw0.jpg?scale-down-to=1024&width=1080&height=1920,vanillasometh/images/tcgIPLIIkHeRNakg6rspHL5iw0,image
https://framerusercontent.com/images/tcgIPLIIkHeRNakg6rspHL5iw0.jpg?width=1080&amp;height=1920,vanillasometh/images/tcgIPLIIkHeRNakg6rspHL5iw0,image
https://framerusercontent.com/images/tcgIPLIIkHeRNakg6rspHL5iw0.jpg?width=1080&height=1920,vanillasometh/images/tcgIPLIIkHeRNakg6rspHL5iw0,image
https://framerusercontent.com/images/uJXHjbekO4AZUQiynek4tw6qGE.jpg?scale-down-to=512&amp;width=1024&amp;height=683,vanillasometh/images/uJXHjbekO4AZUQiynek4tw6qGE,image
https://framerusercontent.com/images/uJXHjbekO4AZUQiynek4tw6qGE.jpg?scale-down-to=512&width=1024&height=683,vanillasometh/images/uJXHjbekO4AZUQiynek4tw6qGE,image
https://framerusercontent.com/images/uJXHjbekO4AZUQiynek4tw6qGE.jpg?width=1024&amp;height=683,vanillasometh/images/uJXHjbekO4AZUQiynek4tw6qGE,image
https://framerusercontent.com/images/uJXHjbekO4AZUQiynek4tw6qGE.jpg?width=1024&height=683,vanillasometh/images/uJXHjbekO4AZUQiynek4tw6qGE,image
https://framerusercontent.com/images/utllKwemXVBHvKDDsgn8RNhB0.jpg?width=736&height=920,vanillasometh/images/utllKwemXVBHvKDDsgn8RNhB0,image
https://framerusercontent.com/images/v3U2W5ffX2vI76SKNxWoVV642c.jpg?scale-down-to=1024&amp;width=1502&amp;height=1080,vanillasometh/images/v3U2W5ffX2vI76SKNxWoVV642c,image
https://framerusercontent.com/images/v3U2W5ffX2vI76SKNxWoVV642c.jpg?scale-down-to=1024&width=1502&height=1080,vanillasometh/images/v3U2W5ffX2vI76SKNxWoVV642c,image
https://framerusercontent.com/images/v3U2W5ffX2vI76SKNxWoVV642c.jpg?scale-down-to=512&amp;width=1502&amp;height=1080,vanillasometh/images/v3U2W5ffX2vI76SKNxWoVV642c,image
https://framerusercontent.com/images/v3U2W5ffX2vI76SKNxWoVV642c.jpg?scale-down-to=512&width=1502&height=1080,vanillasometh/images/v3U2W5ffX2vI76SKNxWoVV642c,image
https://framerusercontent.com/images/v3U2W5ffX2vI76SKNxWoVV642c.jpg?width=1502&amp;height=1080,vanillasometh/images/v3U2W5ffX2vI76SKNxWoVV642c,image
https://framerusercontent.com/images/v3U2W5ffX2vI76SKNxWoVV642c.jpg?width=1502&height=1080,vanillasometh/images/v3U2W5ffX2vI76SKNxWoVV642c,image
https://framerusercontent.com/images/vbvbKsUMUH0ucpGYiRgUhSD9WM.png?width=192&height=193,vanillasometh/images/vbvbKsUMUH0ucpGYiRgUhSD9WM,image
https://framerusercontent.com/images/vlRqKecrpqvbE1Zoy5VX4zMgAk.jpg?scale-down-to=1024&amp;width=1920&amp;height=967,vanillasometh/images/vlRqKecrpqvbE1Zoy5VX4zMgAk,image
https://framerusercontent.com/images/vlRqKecrpqvbE1Zoy5VX4zMgAk.jpg?scale-down-to=1024&width=1920&height=967,vanillasometh/images/vlRqKecrpqvbE1Zoy5VX4zMgAk,image
https://framerusercontent.com/images/vlRqKecrpqvbE1Zoy5VX4zMgAk.jpg?scale-down-to=512&amp;width=1920&amp;height=967,vanillasometh/images/vlRqKecrpqvbE1Zoy5VX4zMgAk,image
https://framerusercontent.com/images/vlRqKecrpqvbE1Zoy5VX4zMgAk.jpg?scale-down-to=512&width=1920&height=967,vanillasometh/images/vlRqKecrpqvbE1Zoy5VX4zMgAk,image
https://framerusercontent.com/images/vlRqKecrpqvbE1Zoy5VX4zMgAk.jpg?width=1920&amp;height=967,vanillasometh/images/vlRqKecrpqvbE1Zoy5VX4zMgAk,image
https://framerusercontent.com/images/vlRqKecrpqvbE1Zoy5VX4zMgAk.jpg?width=1920&height=967,vanillasometh/images/vlRqKecrpqvbE1Zoy5VX4zMgAk,image
https://framerusercontent.com/images/vsKLCT2PiveJebuFh9vKKI6ihiw.jpg?scale-down-to=1024&width=736&height=1040,vanillasometh/images/vsKLCT2PiveJebuFh9vKKI6ihiw,image
https://framerusercontent.com/images/vsKLCT2PiveJebuFh9vKKI6ihiw.jpg?width=736&height=1040,vanillasometh/images/vsKLCT2PiveJebuFh9vKKI6ihiw,image
https://framerusercontent.com/images/w7OfGnxhhblYl2ynuAjeFuUv0o.jpg,vanillasometh/images/w7OfGnxhhblYl2ynuAjeFuUv0o,image
https://framerusercontent.com/images/w9XwtveeBOu7c3GZOxpMad45vLE.jpg?scale-down-to=512&width=736&height=552,vanillasometh/images/w9XwtveeBOu7c3GZOxpMad45vLE,image
https://framerusercontent.com/images/w9XwtveeBOu7c3GZOxpMad45vLE.jpg?width=736&height=552,vanillasometh/images/w9XwtveeBOu7c3GZOxpMad45vLE,image
https://framerusercontent.com/images/xNhSV0DE3Ul79EZi4vIy0Z5WU.jpg?scale-down-to=1024&amp;width=891&amp;height=1080,vanillasometh/images/xNhSV0DE3Ul79EZi4vIy0Z5WU,image
https://framerusercontent.com/images/xNhSV0DE3Ul79EZi4vIy0Z5WU.jpg?scale-down-to=1024&width=891&height=1080,vanillasometh/images/xNhSV0DE3Ul79EZi4vIy0Z5WU,image
https://framerusercontent.com/images/xNhSV0DE3Ul79EZi4vIy0Z5WU.jpg?width=891&amp;height=1080,vanillasometh/images/xNhSV0DE3Ul79EZi4vIy0Z5WU,image
https://framerusercontent.com/images/xNhSV0DE3Ul79EZi4vIy0Z5WU.jpg?width=891&height=1080,vanillasometh/images/xNhSV0DE3Ul79EZi4vIy0Z5WU,image
https://framerusercontent.com/images/xUb82VLPTkuVCXexfdkZwFZKm08.png?scale-down-to=1024&amp;width=1423&amp;height=1024,vanillasometh/images/xUb82VLPTkuVCXexfdkZwFZKm08,image
https://framerusercontent.com/images/xUb82VLPTkuVCXexfdkZwFZKm08.png?scale-down-to=1024&width=1423&height=1024,vanillasometh/images/xUb82VLPTkuVCXexfdkZwFZKm08,image
https://framerusercontent.com/images/xUb82VLPTkuVCXexfdkZwFZKm08.png?scale-down-to=512&amp;width=1423&amp;height=1024,vanillasometh/images/xUb82VLPTkuVCXexfdkZwFZKm08,image
https://framerusercontent.com/images/xUb82VLPTkuVCXexfdkZwFZKm08.png?scale-down-to=512&width=1423&height=1024,vanillasometh/images/xUb82VLPTkuVCXexfdkZwFZKm08,image
https://framerusercontent.com/images/xUb82VLPTkuVCXexfdkZwFZKm08.png?width=1423&amp;height=1024,vanillasometh/images/xUb82VLPTkuVCXexfdkZwFZKm08,image
https://framerusercontent.com/images/xUb82VLPTkuVCXexfdkZwFZKm08.png?width=1423&height=1024,vanillasometh/images/xUb82VLPTkuVCXexfdkZwFZKm08,image
https://framerusercontent.com/images/yrPlGDvkcQFiVnGHonFqpDkefkE.jpg?width=683&amp;height=1024,vanillasometh/images/yrPlGDvkcQFiVnGHonFqpDkefkE,image
https://framerusercontent.com/images/yrPlGDvkcQFiVnGHonFqpDkefkE.jpg?width=683&height=1024,vanillasometh/images/yrPlGDvkcQFiVnGHonFqpDkefkE,image
https://framerusercontent.com/images/zIQ2THLmgHoFI4qcMEsSMwvcSP0.jpg?scale-down-to=1024&amp;width=1920&amp;height=789,vanillasometh/images/zIQ2THLmgHoFI4qcMEsSMwvcSP0,image
https://framerusercontent.com/images/zIQ2THLmgHoFI4qcMEsSMwvcSP0.jpg?scale-down-to=1024&width=1920&height=789,vanillasometh/images/zIQ2THLmgHoFI4qcMEsSMwvcSP0,image
https://framerusercontent.com/images/zIQ2THLmgHoFI4qcMEsSMwvcSP0.jpg?scale-down-to=512&amp;width=1920&amp;height=789,vanillasometh/images/zIQ2THLmgHoFI4qcMEsSMwvcSP0,image
https://framerusercontent.com/images/zIQ2THLmgHoFI4qcMEsSMwvcSP0.jpg?scale-down-to=512&width=1920&height=789,vanillasometh/images/zIQ2THLmgHoFI4qcMEsSMwvcSP0,image
https://framerusercontent.com/images/zIQ2THLmgHoFI4qcMEsSMwvcSP0.jpg?width=1920&amp;height=789,vanillasometh/images/zIQ2THLmgHoFI4qcMEsSMwvcSP0,image
https://framerusercontent.com/images/zIQ2THLmgHoFI4qcMEsSMwvcSP0.jpg?width=1920&height=789,vanillasometh/images/zIQ2THLmgHoFI4qcMEsSMwvcSP0,image
https://framerusercontent.com/images/ztJAhSpApJJMG6U1vb2GRwo3bo.png?scale-down-to=1024&amp;width=5504&amp;height=3072,vanillasometh/images/ztJAhSpApJJMG6U1vb2GRwo3bo,image
https://framerusercontent.com/images/ztJAhSpApJJMG6U1vb2GRwo3bo.png?scale-down-to=1024&width=5504&height=3072,vanillasometh/images/ztJAhSpApJJMG6U1vb2GRwo3bo,image
https://framerusercontent.com/images/ztJAhSpApJJMG6U1vb2GRwo3bo.png?scale-down-to=2048&amp;width=5504&amp;height=3072,vanillasometh/images/ztJAhSpApJJMG6U1vb2GRwo3bo,image
https://framerusercontent.com/images/ztJAhSpApJJMG6U1vb2GRwo3bo.png?scale-down-to=2048&width=5504&height=3072,vanillasometh/images/ztJAhSpApJJMG6U1vb2GRwo3bo,image
https://framerusercontent.com/images/ztJAhSpApJJMG6U1vb2GRwo3bo.png?scale-down-to=4096&amp;width=5504&amp;height=3072,vanillasometh/images/ztJAhSpApJJMG6U1vb2GRwo3bo,image
https://framerusercontent.com/images/ztJAhSpApJJMG6U1vb2GRwo3bo.png?scale-down-to=4096&width=5504&height=3072,vanillasometh/images/ztJAhSpApJJMG6U1vb2GRwo3bo,image
https://framerusercontent.com/images/ztJAhSpApJJMG6U1vb2GRwo3bo.png?scale-down-to=512&amp;width=5504&amp;height=3072,vanillasometh/images/ztJAhSpApJJMG6U1vb2GRwo3bo,image
https://framerusercontent.com/images/ztJAhSpApJJMG6U1vb2GRwo3bo.png?scale-down-to=512&width=5504&height=3072,vanillasometh/images/ztJAhSpApJJMG6U1vb2GRwo3bo,image
https://framerusercontent.com/images/ztJAhSpApJJMG6U1vb2GRwo3bo.png?width=5504&amp;height=3072,vanillasometh/images/ztJAhSpApJJMG6U1vb2GRwo3bo,image
https://framerusercontent.com/images/ztJAhSpApJJMG6U1vb2GRwo3bo.png?width=5504&height=3072,vanillasometh/images/ztJAhSpApJJMG6U1vb2GRwo3bo,image
https://framerusercontent.com/images/zupBVb7BMoeHMna0eN4myzdg1g.jpg?scale-down-to=1024&width=3099&height=4339,vanillasometh/images/zupBVb7BMoeHMna0eN4myzdg1g,image
https://framerusercontent.com/images/zupBVb7BMoeHMna0eN4myzdg1g.jpg?scale-down-to=2048&width=3099&height=4339,vanillasometh/images/zupBVb7BMoeHMna0eN4myzdg1g,image
https://framerusercontent.com/images/zupBVb7BMoeHMna0eN4myzdg1g.jpg?scale-down-to=4096&width=3099&height=4339,vanillasometh/images/zupBVb7BMoeHMna0eN4myzdg1g,image
https://framerusercontent.com/images/zupBVb7BMoeHMna0eN4myzdg1g.jpg?width=3099&height=4339,vanillasometh/images/zupBVb7BMoeHMna0eN4myzdg1g,image
https://framerusercontent.com/sites/nsrRcxZ05GBqUMQi7zMdd/AQkni3tO6.DoGXyPub.mjs,vanillasometh/sites/AQkni3tO6-DoGXyPub,image
https://framerusercontent.com/sites/nsrRcxZ05GBqUMQi7zMdd/AwkPs53_DqNmIZSN718EXOOzMMD2G0FMBlumzG9OnN0.JuEHKN7g.mjs,vanillasometh/sites/AwkPs53_DqNmIZSN718EXOOzMMD2G0FMBlumzG9OnN0-JuEHKN7g,image
https://framerusercontent.com/sites/nsrRcxZ05GBqUMQi7zMdd/EmLT_yDlo.9ymDfPyu.mjs,vanillasometh/sites/EmLT_yDlo-9ymDfPyu,image
https://framerusercontent.com/sites/nsrRcxZ05GBqUMQi7zMdd/EmLT_yDlo.mYecbUZY.mjs,vanillasometh/sites/EmLT_yDlo-mYecbUZY,image
https://framerusercontent.com/sites/nsrRcxZ05GBqUMQi7zMdd/I7dh1D1dW.CM8I7324.mjs,vanillasometh/sites/I7dh1D1dW-CM8I7324,image
https://framerusercontent.com/sites/nsrRcxZ05GBqUMQi7zMdd/I7dh1D1dW.F-dP6GIJ.mjs,vanillasometh/sites/I7dh1D1dW-F-dP6GIJ,image
https://framerusercontent.com/sites/nsrRcxZ05GBqUMQi7zMdd/IFFeZnE2M.CQljYroq.mjs,vanillasometh/sites/IFFeZnE2M-CQljYroq,image
https://framerusercontent.com/sites/nsrRcxZ05GBqUMQi7zMdd/IFFeZnE2M.D1ONQqi1.mjs,vanillasometh/sites/IFFeZnE2M-D1ONQqi1,image
https://framerusercontent.com/sites/nsrRcxZ05GBqUMQi7zMdd/IJnMzqW64IfZZ_V-Cs629sh0w0zUNNnHrKunM4zN5v4.CwsHo5ek.mjs,vanillasometh/sites/IJnMzqW64IfZZ_V-Cs629sh0w0zUNNnHrKunM4zN5v4-CwsHo5ek,image
https://framerusercontent.com/sites/nsrRcxZ05GBqUMQi7zMdd/Ikqat1uq6.BbMkoY9l.mjs,vanillasometh/sites/Ikqat1uq6-BbMkoY9l,image
https://framerusercontent.com/sites/nsrRcxZ05GBqUMQi7zMdd/Ikqat1uq6.DL0FBXNx.mjs,vanillasometh/sites/Ikqat1uq6-DL0FBXNx,image
https://framerusercontent.com/sites/nsrRcxZ05GBqUMQi7zMdd/OIjZRBmWDcIE2B6qgG1j.DtEasYag.mjs,vanillasometh/sites/OIjZRBmWDcIE2B6qgG1j-DtEasYag,image
https://framerusercontent.com/sites/nsrRcxZ05GBqUMQi7zMdd/Pesa97HHp.3wYFtN0r.mjs,vanillasometh/sites/Pesa97HHp-3wYFtN0r,image
https://framerusercontent.com/sites/nsrRcxZ05GBqUMQi7zMdd/Pesa97HHp.B9N6P_1Q.mjs,vanillasometh/sites/Pesa97HHp-B9N6P_1Q,image
https://framerusercontent.com/sites/nsrRcxZ05GBqUMQi7zMdd/R6sakCz53.-V8Z_3oF.mjs,vanillasometh/sites/R6sakCz53--V8Z_3oF,image
https://framerusercontent.com/sites/nsrRcxZ05GBqUMQi7zMdd/R6sakCz53.BHSF8fGY.mjs,vanillasometh/sites/R6sakCz53-BHSF8fGY,image
https://framerusercontent.com/sites/nsrRcxZ05GBqUMQi7zMdd/U7tDaZic2.BhGUKRN9.mjs,vanillasometh/sites/U7tDaZic2-BhGUKRN9,image
https://framerusercontent.com/sites/nsrRcxZ05GBqUMQi7zMdd/U7tDaZic2.Yum3njmS.mjs,vanillasometh/sites/U7tDaZic2-Yum3njmS,image
https://framerusercontent.com/sites/nsrRcxZ05GBqUMQi7zMdd/arZNKNIOq.C-brrOMw.mjs,vanillasometh/sites/arZNKNIOq-C-brrOMw,image
https://framerusercontent.com/sites/nsrRcxZ05GBqUMQi7zMdd/arZNKNIOq.R4tBRWdH.mjs,vanillasometh/sites/arZNKNIOq-R4tBRWdH,image
https://framerusercontent.com/sites/nsrRcxZ05GBqUMQi7zMdd/bxxIxC_ta.BCgEtgGu.mjs,vanillasometh/sites/bxxIxC_ta-BCgEtgGu,image
https://framerusercontent.com/sites/nsrRcxZ05GBqUMQi7zMdd/bxxIxC_ta.BTqD03CZ.mjs,vanillasometh/sites/bxxIxC_ta-BTqD03CZ,image
https://framerusercontent.com/sites/nsrRcxZ05GBqUMQi7zMdd/bxxIxC_ta.CIHAlxgf.mjs,vanillasometh/sites/bxxIxC_ta-CIHAlxgf,image
https://framerusercontent.com/sites/nsrRcxZ05GBqUMQi7zMdd/framer.CR_DzbLs.mjs,vanillasometh/sites/framer-CR_DzbLs,image
https://framerusercontent.com/sites/nsrRcxZ05GBqUMQi7zMdd/framer.DAAAcyQo.mjs,vanillasometh/sites/framer-DAAAcyQo,image
https://framerusercontent.com/sites/nsrRcxZ05GBqUMQi7zMdd/g5CbzdB17.DArG57lt.mjs,vanillasometh/sites/g5CbzdB17-DArG57lt,image
https://framerusercontent.com/sites/nsrRcxZ05GBqUMQi7zMdd/kLgGy4ZuC.ConU8jnF.mjs,vanillasometh/sites/kLgGy4ZuC-ConU8jnF,image
https://framerusercontent.com/sites/nsrRcxZ05GBqUMQi7zMdd/kUh0WkEn7.BGtl-t89.mjs,vanillasometh/sites/kUh0WkEn7-BGtl-t89,image
https://framerusercontent.com/sites/nsrRcxZ05GBqUMQi7zMdd/kUh0WkEn7.P2XyJKf3.mjs,vanillasometh/sites/kUh0WkEn7-P2XyJKf3,image
https://framerusercontent.com/sites/nsrRcxZ05GBqUMQi7zMdd/kWJumFcmNeKDgY5toM24OOfqkyFsHdYLCVJ9WMb7uWU.B3VBBVpS.mjs,vanillasometh/sites/kWJumFcmNeKDgY5toM24OOfqkyFsHdYLCVJ9WMb7uWU-B3VBBVpS,image
https://framerusercontent.com/sites/nsrRcxZ05GBqUMQi7zMdd/lBHZU5bbh.V6YE7vOZ.mjs,vanillasometh/sites/lBHZU5bbh-V6YE7vOZ,image
https://framerusercontent.com/sites/nsrRcxZ05GBqUMQi7zMdd/lBHZU5bbh.WwcqNWXh.mjs,vanillasometh/sites/lBHZU5bbh-WwcqNWXh,image
https://framerusercontent.com/sites/nsrRcxZ05GBqUMQi7zMdd/ldecYC-4WE4RqvoLh7MWx648OXoZuFuk3NVPA3AZ3Gk.B9-hWeA5.mjs,vanillasometh/sites/ldecYC-4WE4RqvoLh7MWx648OXoZuFuk3NVPA3AZ3Gk-B9-hWeA5,image
https://framerusercontent.com/sites/nsrRcxZ05GBqUMQi7zMdd/lyB27f1WX.BqfRAd7n.mjs,vanillasometh/sites/lyB27f1WX-BqfRAd7n,image
https://framerusercontent.com/sites/nsrRcxZ05GBqUMQi7zMdd/mbtNsEJPb.DVm_Rx3M.mjs,vanillasometh/sites/mbtNsEJPb-DVm_Rx3M,image
https://framerusercontent.com/sites/nsrRcxZ05GBqUMQi7zMdd/mbtNsEJPb.DnQkg_Bp.mjs,vanillasometh/sites/mbtNsEJPb-DnQkg_Bp,image
https://framerusercontent.com/sites/nsrRcxZ05GBqUMQi7zMdd/motion.B0x_nY9w.mjs,vanillasometh/sites/motion-B0x_nY9w,image
https://framerusercontent.com/sites/nsrRcxZ05GBqUMQi7zMdd/react.D85NUmPh.mjs,vanillasometh/sites/react-D85NUmPh,image
https://framerusercontent.com/sites/nsrRcxZ05GBqUMQi7zMdd/rolldown-runtime.CawJvvTp.mjs,vanillasometh/sites/rolldown-runtime-CawJvvTp,image
https://framerusercontent.com/sites/nsrRcxZ05GBqUMQi7zMdd/script_main.B45KKe1Q.mjs,vanillasometh/sites/script_main-B45KKe1Q,image
https://framerusercontent.com/sites/nsrRcxZ05GBqUMQi7zMdd/script_main.DkxvGX4F.mjs,vanillasometh/sites/script_main-DkxvGX4F,image
https://framerusercontent.com/sites/nsrRcxZ05GBqUMQi7zMdd/searchIndex-WRIBI0NEA5iA.json,vanillasometh/sites/searchIndex-WRIBI0NEA5iA,image
https://framerusercontent.com/sites/nsrRcxZ05GBqUMQi7zMdd/searchIndex-bFwSblj8jNqm.json,vanillasometh/sites/searchIndex-bFwSblj8jNqm,image
https://framerusercontent.com/sites/nsrRcxZ05GBqUMQi7zMdd/searchIndex-cyQrDIziBYsx.json,vanillasometh/sites/searchIndex-cyQrDIziBYsx,image
https://framerusercontent.com/sites/nsrRcxZ05GBqUMQi7zMdd/shared-lib.Ct2HCN4x.mjs,vanillasometh/sites/shared-lib-Ct2HCN4x,image
https://framerusercontent.com/sites/nsrRcxZ05GBqUMQi7zMdd/shared-lib.yYzceL_a.mjs,vanillasometh/sites/shared-lib-yYzceL_a,image
https://framerusercontent.com/sites/nsrRcxZ05GBqUMQi7zMdd/store.js@_1.0.Cl9vLEeZ.mjs,vanillasometh/sites/store-js-_1-0-Cl9vLEeZ,image
https://framerusercontent.com/sites/nsrRcxZ05GBqUMQi7zMdd/store.js@_1.0.umRx2Nr5.mjs,vanillasometh/sites/store-js-_1-0-umRx2Nr5,image
https://framerusercontent.com/sites/nsrRcxZ05GBqUMQi7zMdd/uSBRF-no7teBAoV-Z6jIeSN2V3DW9RPUzBpXztL48WM.BO5pRl0V.mjs,vanillasometh/sites/uSBRF-no7teBAoV-Z6jIeSN2V3DW9RPUzBpXztL48WM-BO5pRl0V,image
https://framerusercontent.com/sites/nsrRcxZ05GBqUMQi7zMdd/uSBRF-no7teBAoV-Z6jIeSN2V3DW9RPUzBpXztL48WM.D7GimhLM.mjs,vanillasometh/sites/uSBRF-no7teBAoV-Z6jIeSN2V3DW9RPUzBpXztL48WM-D7GimhLM,image
https://vanillasomethin.framer.website/cdn-cgi/scripts/5c5dd728/cloudflare-static/email-decode.min.js,vanillasometh/cdn-cgi/email-decode-min,image
